GAME_ID,EVENTNUM,EVENTMSGTYPE,EVENTMSGACTIONTYPE,PERIOD,WCTIMESTRING,PCTIMESTRING,HOMEDESCRIPTION,NEUTRALDESCRIPTION,VISITORDESCRIPTION,SCORE,SCOREMARGIN,PERSON1TYPE,PLAYER1_ID,PLAYER1_NAME,PLAYER1_TEAM_ID,PLAYER1_TEAM_CITY,PLAYER1_TEAM_NICKNAME,PLAYER1_TEAM_ABBREVIATION,PERSON2TYPE,PLAYER2_ID,PLAYER2_NAME,PLAYER2_TEAM_ID,PLAYER2_TEAM_CITY,PLAYER2_TEAM_NICKNAME,PLAYER2_TEAM_ABBREVIATION,PERSON3TYPE,PLAYER3_ID,PLAYER3_NAME,PLAYER3_TEAM_ID,PLAYER3_TEAM_CITY,PLAYER3_TEAM_NICKNAME,PLAYER3_TEAM_ABBREVIATION,VIDEO_AVAILABLE_FLAG
0022300373,2,12,0,1,10:10 PM,12:00,,Start of 1st Period (10:10 PM EST),,,,0,0,,,,,,0,0,,,,,,0,0,,,,,,0
0022300373,4,10,0,1,10:11 PM,12:00,Jump Ball Sabonis vs. Porzingis: Tip to White,,,,,4,1627734,Domantas Sabonis,1610612758.0,Sacramento,Kings,SAC,5,204001,Kristaps Porzingis,1610612738.0,Boston,Celtics,BOS,5,1628401,Derrick White,1610612738.0,Boston,Celtics,BOS,1
0022300373,7,5,1,1,10:11 PM,11:40,Fox STEAL (1 STL),,White Bad Pass Turnover (P1.T1),,,5,1628401,Derrick White,1610612738.0,Boston,Celtics,BOS,4,1628368,De'Aaron Fox,1610612758.0,Sacramento,Kings,SAC,0,0,,,,,,1
0022300373,9,1,1,1,10:11 PM,11:32,Murray 3PT Jump Shot (3 PTS) (Sabonis 1 AST),,,0 - 3,3,4,1631099,Keegan Murray,1610612758.0,Sacramento,Kings,SAC,4,1627734,Domantas Sabonis,1610612758.0,Sacramento,Kings,SAC,0,0,,,,,,1
0022300373,11,1,1,1,10:11 PM,11:11,,,Porzingis 26' 3PT Jump Shot (3 PTS) (Brown 1 AST),3 - 3,TIE,5,204001,Kristaps Porzingis,1610612738.0,Boston,Celtics,BOS,5,1627759,Jaylen Brown,1610612738.0,Boston,Celtics,BOS,0,0,,,,,,1
0022300373,13,2,79,1,10:12 PM,10:53,MISS Huerter 12' Pullup Jump Shot,,,,,4,1628989,Kevin Huerter,1610612758.0,Sacramento,Kings,SAC,0,0,,,,,,0,0,,,,,,1
0022300373,14,4,0,1,10:12 PM,10:50,,,Porzingis REBOUND (Off:0 Def:1),,,5,204001,Kristaps Porzingis,1610612738.0,Boston,Celtics,BOS,0,0,,,,,,0,0,,,,,,1
0022300373,15,6,1,1,10:12 PM,10:48,Murray P.FOUL (P1.T1) (I.Hwang),,,,,4,1631099,Keegan Murray,1610612758.0,Sacramento,Kings,SAC,5,1627759,Jaylen Brown,1610612738.0,Boston,Celtics,BOS,1,0,Henri Drell,,,,,1
0022300373,17,2,80,1,10:12 PM,10:43,,,MISS Holiday 25' 3PT Step Back Jump Shot,,,5,201950,Jrue Holiday,1610612738.0,Boston,Celtics,BOS,0,0,,,,,,0,0,,,,,,1
0022300373,18,4,0,1,10:12 PM,10:40,Sabonis REBOUND (Off:0 Def:1),,,,,4,1627734,Domantas Sabonis,1610612758.0,Sacramento,Kings,SAC,0,0,,,,,,0,0,,,,,,1
0022300373,19,2,9,1,10:12 PM,10:26,MISS Barnes 3' Driving Dunk,,Porzingis BLOCK (1 BLK),,,4,203084,Harrison Barnes,1610612758.0,Sacramento,Kings,SAC,0,0,,,,,,5,204001,Kristaps Porzingis,1610612738.0,Boston,Celtics,BOS,1
0022300373,22,2,72,1,10:13 PM,10:20,MISS Sabonis 2' Putback Layup,,,,,4,1627734,Domantas Sabonis,1610612758.0,Sacramento,Kings,SAC,0,0,,,,,,0,0,,,,,,1
0022300373,21,4,0,1,10:13 PM,10:20,Sabonis REBOUND (Off:1 Def:1),,,,,4,1627734,Domantas Sabonis,1610612758.0,Sacramento,Kings,SAC,0,0,,,,,,0,0,,,,,,1
0022300373,23,4,0,1,10:13 PM,10:18,Fox REBOUND (Off:1 Def:0),,,,,4,1628368,De'Aaron Fox,1610612758.0,Sacramento,Kings,SAC,0,0,,,,,,0,0,,,,,,1
0022300373,24,1,1,1,10:13 PM,10:16,Murray 25' 3PT Jump Shot (6 PTS) (Fox 1 AST),,,3 - 6,3,4,1631099,Keegan Murray,1610612758.0,Sacramento,Kings,SAC,4,1628368,De'Aaron Fox,1610612758.0,Sacramento,Kings,SAC,0,0,,,,,,1
0022300373,26,2,1,1,10:13 PM,10:04,,,MISS Porzingis 16' Jump Shot,,,5,204001,Kristaps Porzingis,1610612738.0,Boston,Celtics,BOS,0,0,,,,,,0,0,,,,,,1
0022300373,27,4,0,1,10:13 PM,10:02,Huerter REBOUND (Off:0 Def:1),,,,,4,1628989,Kevin Huerter,1610612758.0,Sacramento,Kings,SAC,0,0,,,,,,0,0,,,,,,1
0022300373,28,1,79,1,10:13 PM,9:48,Fox 27' 3PT Pullup Jump Shot (3 PTS) (Sabonis 2 AST),,,3 - 9,6,4,1628368,De'Aaron Fox,1610612758.0,Sacramento,Kings,SAC,4,1627734,Domantas Sabonis,1610612758.0,Sacramento,Kings,SAC,0,0,,,,,,1
0022300373,30,1,9,1,10:13 PM,9:30,,,Brown 1' Driving Dunk (2 PTS),5 - 9,4,5,1627759,Jaylen Brown,1610612738.0,Boston,Celtics,BOS,0,0,,,,,,0,0,,,,,,1
0022300373,31,6,2,1,10:14 PM,9:22,,,Brown S.FOUL (P1.T1) (I.Hwang),,,5,1627759,Jaylen Brown,1610612738.0,Boston,Celtics,BOS,4,1628368,De'Aaron Fox,1610612758.0,Sacramento,Kings,SAC,1,0,Henri Drell,,,,,0
0022300373,33,3,11,1,10:14 PM,9:22,Fox Free Throw 1 of 2 (4 PTS),,,5 - 10,5,4,1628368,De'Aaron Fox,1610612758.0,Sacramento,Kings,SAC,0,0,,,,,,0,0,,,,,,1
0022300373,34,3,12,1,10:14 PM,9:22,Fox Free Throw 2 of 2 (5 PTS),,,5 - 11,6,4,1628368,De'Aaron Fox,1610612758.0,Sacramento,Kings,SAC,0,0,,,,,,0,0,,,,,,1
0022300373,35,1,1,1,10:15 PM,9:11,,,White 26' 3PT Jump Shot (3 PTS) (Porzingis 1 AST),8 - 11,3,5,1628401,Derrick White,1610612738.0,Boston,Celtics,BOS,5,204001,Kristaps Porzingis,1610612738.0,Boston,Celtics,BOS,0,0,,,,,,1
0022300373,37,1,1,1,10:15 PM,8:59,Fox 27' 3PT Jump Shot (8 PTS) (Barnes 1 AST),,,8 - 14,6,4,1628368,De'Aaron Fox,1610612758.0,Sacramento,Kings,SAC,4,203084,Harrison Barnes,1610612758.0,Sacramento,Kings,SAC,0,0,,,,,,1
0022300373,39,5,2,1,10:15 PM,8:48,Fox STEAL (2 STL),,Holiday Lost Ball Turnover (P1.T2),,,5,201950,Jrue Holiday,1610612738.0,Boston,Celtics,BOS,4,1628368,De'Aaron Fox,1610612758.0,Sacramento,Kings,SAC,0,0,,,,,,1
0022300373,41,1,41,1,10:15 PM,8:42,Sabonis 2' Running Layup (2 PTS) (Fox 2 AST),,,8 - 16,8,4,1627734,Domantas Sabonis,1610612758.0,Sacramento,Kings,SAC,4,1628368,De'Aaron Fox,1610612758.0,Sacramento,Kings,SAC,0,0,,,,,,1
0022300373,43,9,1,1,10:15 PM,8:42,,,Celtics Timeout: Regular (Reg.1 Short 0),,,3,1610612738,,,,,,0,0,,,,,,0,0,,,,,,0
0022300373,44,1,6,1,10:18 PM,8:28,,,Holiday 3' Driving Layup (2 PTS),10 - 16,6,5,201950,Jrue Holiday,1610612738.0,Boston,Celtics,BOS,0,0,,,,,,0,0,,,,,,1
0022300373,45,6,2,1,10:18 PM,8:28,Barnes S.FOUL (P1.T2) (S.Wright),,,,,4,203084,Harrison Barnes,1610612758.0,Sacramento,Kings,SAC,5,201950,Jrue Holiday,1610612738.0,Boston,Celtics,BOS,1,0,,,,,,1
0022300373,47,3,10,1,10:19 PM,8:28,,,Holiday Free Throw 1 of 1 (3 PTS),11 - 16,5,5,201950,Jrue Holiday,1610612738.0,Boston,Celtics,BOS,0,0,,,,,,0,0,,,,,,1
0022300373,48,2,1,1,10:19 PM,8:12,MISS Murray 24' 3PT Jump Shot,,,,,4,1631099,Keegan Murray,1610612758.0,Sacramento,Kings,SAC,0,0,,,,,,0,0,,,,,,1
0022300373,49,4,0,1,10:19 PM,8:09,,,Porzingis REBOUND (Off:0 Def:2),,,5,204001,Kristaps Porzingis,1610612738.0,Boston,Celtics,BOS,0,0,,,,,,0,0,,,,,,1
0022300373,50,2,101,1,10:19 PM,8:02,,,MISS Porzingis 8' Driving Floating Jump Shot,,,5,204001,Kristaps Porzingis,1610612738.0,Boston,Celtics,BOS,0,0,,,,,,0,0,,,,,,1
0022300373,51,4,0,1,10:19 PM,8:00,,,Porzingis REBOUND (Off:1 Def:2),,,5,204001,Kristaps Porzingis,1610612738.0,Boston,Celtics,BOS,0,0,,,,,,0,0,,,,,,1
0022300373,52,5,6,1,10:19 PM,8:00,,,Porzingis Double Dribble Turnover (P1.T3),,,5,204001,Kristaps Porzingis,1610612738.0,Boston,Celtics,BOS,0,0,,,,,,1,0,Henri Drell,,,,,1
0022300373,53,1,6,1,10:20 PM,7:44,Sabonis 4' Driving Layup (4 PTS),,,11 - 18,7,4,1627734,Domantas Sabonis,1610612758.0,Sacramento,Kings,SAC,0,0,,,,,,0,0,,,,,,1
0022300373,54,2,47,1,10:20 PM,7:32,Sabonis BLOCK (1 BLK),,MISS Brown 9' Turnaround Jump Shot,,,5,1627759,Jaylen Brown,1610612738.0,Boston,Celtics,BOS,0,0,,,,,,4,1627734,Domantas Sabonis,1610612758.0,Sacramento,Kings,SAC,1
0022300373,56,4,0,1,10:20 PM,7:29,Sabonis REBOUND (Off:1 Def:2),,,,,4,1627734,Domantas Sabonis,1610612758.0,Sacramento,Kings,SAC,0,0,,,,,,0,0,,,,,,1
0022300373,57,1,6,1,10:20 PM,7:20,Murray 4' Driving Layup (8 PTS) (Sabonis 3 AST),,,11 - 20,9,4,1631099,Keegan Murray,1610612758.0,Sacramento,Kings,SAC,4,1627734,Domantas Sabonis,1610612758.0,Sacramento,Kings,SAC,0,0,,,,,,1
0022300373,59,2,1,1,10:20 PM,6:59,,,MISS Brown 24' 3PT Jump Shot,,,5,1627759,Jaylen Brown,1610612738.0,Boston,Celtics,BOS,0,0,,,,,,0,0,,,,,,1
0022300373,60,4,0,1,10:20 PM,6:57,Sabonis REBOUND (Off:1 Def:3),,,,,4,1627734,Domantas Sabonis,1610612758.0,Sacramento,Kings,SAC,0,0,,,,,,0,0,,,,,,1
0022300373,61,1,79,1,10:20 PM,6:51,Fox 29' 3PT Pullup Jump Shot (11 PTS),,,11 - 23,12,4,1628368,De'Aaron Fox,1610612758.0,Sacramento,Kings,SAC,0,0,,,,,,0,0,,,,,,1
0022300373,62,5,2,1,10:21 PM,6:38,Fox STEAL (3 STL),,Holiday Lost Ball Turnover (P2.T4),,,5,201950,Jrue Holiday,1610612738.0,Boston,Celtics,BOS,4,1628368,De'Aaron Fox,1610612758.0,Sacramento,Kings,SAC,0,0,,,,,,1
0022300373,64,2,41,1,10:21 PM,6:33,MISS Fox 5' Running Layup,,Porzingis BLOCK (2 BLK),,,4,1628368,De'Aaron Fox,1610612758.0,Sacramento,Kings,SAC,0,0,,,,,,5,204001,Kristaps Porzingis,1610612738.0,Boston,Celtics,BOS,1
0022300373,66,4,0,1,10:21 PM,6:29,,,Holiday REBOUND (Off:0 Def:1),,,5,201950,Jrue Holiday,1610612738.0,Boston,Celtics,BOS,0,0,,,,,,0,0,,,,,,1
0022300373,67,1,50,1,10:21 PM,6:27,,,Brown 1' Running Dunk (4 PTS) (White 1 AST),13 - 23,10,5,1627759,Jaylen Brown,1610612738.0,Boston,Celtics,BOS,5,1628401,Derrick White,1610612738.0,Boston,Celtics,BOS,0,0,,,,,,1
0022300373,69,2,79,1,10:21 PM,6:14,MISS Fox 26' 3PT Pullup Jump Shot,,,,,4,1628368,De'Aaron Fox,1610612758.0,Sacramento,Kings,SAC,0,0,,,,,,0,0,,,,,,1
0022300373,70,4,0,1,10:21 PM,6:11,Murray REBOUND (Off:1 Def:0),,,,,4,1631099,Keegan Murray,1610612758.0,Sacramento,Kings,SAC,0,0,,,,,,0,0,,,,,,1
0022300373,71,2,1,1,10:21 PM,6:02,MISS Sabonis 24' 3PT Jump Shot,,,,,4,1627734,Domantas Sabonis,1610612758.0,Sacramento,Kings,SAC,0,0,,,,,,0,0,,,,,,1
0022300373,72,4,0,1,10:21 PM,5:57,,,Holiday REBOUND (Off:0 Def:2),,,5,201950,Jrue Holiday,1610612738.0,Boston,Celtics,BOS,0,0,,,,,,0,0,,,,,,1
0022300373,73,1,103,1,10:21 PM,5:51,,,White 27' 3PT Running Pull-Up Jump Shot (6 PTS) (Holiday 1 AST),16 - 23,7,5,1628401,Derrick White,1610612738.0,Boston,Celtics,BOS,5,201950,Jrue Holiday,1610612738.0,Boston,Celtics,BOS,0,0,,,,,,1
0022300373,74,2,1,1,10:22 PM,5:39,MISS Huerter 26' 3PT Jump Shot,,,,,4,1628989,Kevin Huerter,1610612758.0,Sacramento,Kings,SAC,0,0,,,,,,0,0,,,,,,1
0022300373,75,4,0,1,10:22 PM,5:35,,,Hauser REBOUND (Off:0 Def:1),,,5,1630573,Sam Hauser,1610612738.0,Boston,Celtics,BOS,0,0,,,,,,0,0,,,,,,1
0022300373,76,1,9,1,10:22 PM,5:28,,,Brown 1' Driving Dunk (6 PTS),18 - 23,5,5,1627759,Jaylen Brown,1610612738.0,Boston,Celtics,BOS,0,0,,,,,,0,0,,,,,,1
0022300373,77,9,1,1,10:22 PM,5:26,KINGS Timeout: Regular (Full 1 Short 0),,,,,2,1610612758,,,,,,0,0,,,,,,0,0,,,,,,0
0022300373,79,8,0,1,10:24 PM,5:26,SUB: Monk FOR Fox,,,,,4,1628368,De'Aaron Fox,1610612758.0,Sacramento,Kings,SAC,4,1628370,Malik Monk,1610612758.0,Sacramento,Kings,SAC,0,0,,,,,,0
0022300373,80,8,0,1,10:24 PM,5:26,SUB: Ellis FOR Huerter,,,,,4,1628989,Kevin Huerter,1610612758.0,Sacramento,Kings,SAC,4,1631165,Keon Ellis,1610612758.0,Sacramento,Kings,SAC,0,0,,,,,,0
0022300373,81,8,0,1,10:24 PM,5:26,SUB: Lyles FOR Barnes,,,,,4,203084,Harrison Barnes,1610612758.0,Sacramento,Kings,SAC,4,1626168,Trey Lyles,1610612758.0,Sacramento,Kings,SAC,0,0,,,,,,0
0022300373,82,8,0,1,10:24 PM,5:26,,,SUB: Brissett FOR Holiday,,,5,201950,Jrue Holiday,1610612738.0,Boston,Celtics,BOS,5,1629052,Oshae Brissett,1610612738.0,Boston,Celtics,BOS,0,0,,,,,,0
0022300373,83,8,0,1,10:24 PM,5:26,,,SUB: Pritchard FOR Hauser,,,5,1630573,Sam Hauser,1610612738.0,Boston,Celtics,BOS,5,1630202,Payton Pritchard,1610612738.0,Boston,Celtics,BOS,0,0,,,,,,0
0022300373,89,2,1,1,10:25 PM,5:14,MISS Murray 25' 3PT Jump Shot,,,,,4,1631099,Keegan Murray,1610612758.0,Sacramento,Kings,SAC,0,0,,,,,,0,0,,,,,,1
0022300373,90,4,0,1,10:25 PM,5:08,,,Brown REBOUND (Off:0 Def:1),,,5,1627759,Jaylen Brown,1610612738.0,Boston,Celtics,BOS,0,0,,,,,,0,0,,,,,,1
0022300373,91,2,103,1,10:25 PM,5:04,,,MISS Brown 15' Running Pull-Up Jump Shot,,,5,1627759,Jaylen Brown,1610612738.0,Boston,Celtics,BOS,0,0,,,,,,0,0,,,,,,1
0022300373,92,4,0,1,10:25 PM,5:02,,,Brissett REBOUND (Off:1 Def:0),,,5,1629052,Oshae Brissett,1610612738.0,Boston,Celtics,BOS,0,0,,,,,,0,0,,,,,,1
0022300373,93,1,1,1,10:25 PM,4:59,,,Pritchard 29' 3PT Jump Shot (3 PTS) (Brissett 1 AST),21 - 23,2,5,1630202,Payton Pritchard,1610612738.0,Boston,Celtics,BOS,5,1629052,Oshae Brissett,1610612738.0,Boston,Celtics,BOS,0,0,,,,,,1
0022300373,95,2,1,1,10:26 PM,4:43,MISS Monk 27' 3PT Jump Shot,,,,,4,1628370,Malik Monk,1610612758.0,Sacramento,Kings,SAC,0,0,,,,,,0,0,,,,,,1
0022300373,96,4,0,1,10:26 PM,4:38,,,White REBOUND (Off:0 Def:1),,,5,1628401,Derrick White,1610612738.0,Boston,Celtics,BOS,0,0,,,,,,0,0,,,,,,1
0022300373,97,2,1,1,10:26 PM,4:29,,,MISS Pritchard 27' 3PT Jump Shot,,,5,1630202,Payton Pritchard,1610612738.0,Boston,Celtics,BOS,0,0,,,,,,0,0,,,,,,1
0022300373,98,4,0,1,10:26 PM,4:25,,,Brissett REBOUND (Off:2 Def:0),,,5,1629052,Oshae Brissett,1610612738.0,Boston,Celtics,BOS,0,0,,,,,,0,0,,,,,,1
0022300373,99,1,79,1,10:26 PM,4:23,,,White 3PT Pullup Jump Shot (9 PTS) (Brissett 2 AST),24 - 23,-1,5,1628401,Derrick White,1610612738.0,Boston,Celtics,BOS,5,1629052,Oshae Brissett,1610612738.0,Boston,Celtics,BOS,0,0,,,,,,1
0022300373,101,9,1,1,10:26 PM,4:22,KINGS Timeout: Regular (Full 2 Short 0),,,,,2,1610612758,,,,,,0,0,,,,,,0,0,,,,,,0
0022300373,102,2,1,1,10:28 PM,4:06,MISS Ellis 26' 3PT Jump Shot,,,,,4,1631165,Keon Ellis,1610612758.0,Sacramento,Kings,SAC,0,0,,,,,,0,0,,,,,,1
0022300373,103,4,0,1,10:28 PM,4:03,Sabonis REBOUND (Off:2 Def:3),,,,,4,1627734,Domantas Sabonis,1610612758.0,Sacramento,Kings,SAC,0,0,,,,,,0,0,,,,,,1
0022300373,104,1,1,1,10:28 PM,3:57,Ellis 25' 3PT Jump Shot (3 PTS) (Monk 1 AST),,,24 - 26,2,4,1631165,Keon Ellis,1610612758.0,Sacramento,Kings,SAC,4,1628370,Malik Monk,1610612758.0,Sacramento,Kings,SAC,0,0,,,,,,1
0022300373,106,1,1,1,10:28 PM,3:42,,,Pritchard 27' 3PT Jump Shot (6 PTS) (Brown 2 AST),27 - 26,-1,5,1630202,Payton Pritchard,1610612738.0,Boston,Celtics,BOS,5,1627759,Jaylen Brown,1610612738.0,Boston,Celtics,BOS,0,0,,,,,,1
0022300373,108,1,1,1,10:28 PM,3:33,Ellis 26' 3PT Jump Shot (6 PTS) (Sabonis 4 AST),,,27 - 29,2,4,1631165,Keon Ellis,1610612758.0,Sacramento,Kings,SAC,4,1627734,Domantas Sabonis,1610612758.0,Sacramento,Kings,SAC,0,0,,,,,,1
0022300373,110,5,2,1,10:29 PM,3:15,Ellis STEAL (1 STL),,Porzingis Lost Ball Turnover (P2.T5),,,5,204001,Kristaps Porzingis,1610612738.0,Boston,Celtics,BOS,4,1631165,Keon Ellis,1610612758.0,Sacramento,Kings,SAC,0,0,,,,,,1
0022300373,112,6,1,1,10:29 PM,3:12,,,Pritchard P.FOUL (P1.T2) (I.Hwang),,,5,1630202,Payton Pritchard,1610612738.0,Boston,Celtics,BOS,4,1631165,Keon Ellis,1610612758.0,Sacramento,Kings,SAC,1,0,Henri Drell,,,,,1
0022300373,114,2,5,1,10:29 PM,3:01,MISS Sabonis 7' Layup,,White BLOCK (1 BLK),,,4,1627734,Domantas Sabonis,1610612758.0,Sacramento,Kings,SAC,0,0,,,,,,5,1628401,Derrick White,1610612738.0,Boston,Celtics,BOS,1
0022300373,116,4,0,1,10:29 PM,3:00,,,Pritchard REBOUND (Off:0 Def:1),,,5,1630202,Payton Pritchard,1610612738.0,Boston,Celtics,BOS,0,0,,,,,,0,0,,,,,,1
0022300373,117,5,4,1,10:30 PM,3:00,,,Pritchard Traveling Turnover (P1.T6),,,5,1630202,Payton Pritchard,1610612738.0,Boston,Celtics,BOS,0,0,,,,,,1,0,,,,,,1
0022300373,118,2,1,1,10:30 PM,2:52,MISS Lyles 26' 3PT Jump Shot,,,,,4,1626168,Trey Lyles,1610612758.0,Sacramento,Kings,SAC,0,0,,,,,,0,0,,,,,,1
0022300373,119,4,0,1,10:30 PM,2:48,Sabonis REBOUND (Off:3 Def:3),,,,,4,1627734,Domantas Sabonis,1610612758.0,Sacramento,Kings,SAC,0,0,,,,,,0,0,,,,,,1
0022300373,120,2,72,1,10:30 PM,2:46,MISS Sabonis 4' Putback Layup,,,,,4,1627734,Domantas Sabonis,1610612758.0,Sacramento,Kings,SAC,0,0,,,,,,0,0,,,,,,1
0022300373,121,4,0,1,10:30 PM,2:44,,,Brissett REBOUND (Off:2 Def:1),,,5,1629052,Oshae Brissett,1610612738.0,Boston,Celtics,BOS,0,0,,,,,,0,0,,,,,,1
0022300373,122,1,6,1,10:30 PM,2:34,,,White 3' Driving Layup (11 PTS) (Brown 3 AST),29 - 29,TIE,5,1628401,Derrick White,1610612738.0,Boston,Celtics,BOS,5,1627759,Jaylen Brown,1610612738.0,Boston,Celtics,BOS,0,0,,,,,,1
0022300373,124,6,2,1,10:30 PM,2:34,Ellis S.FOUL (P1.T3) (I.Hwang),,,,,4,1631165,Keon Ellis,1610612758.0,Sacramento,Kings,SAC,5,1628401,Derrick White,1610612738.0,Boston,Celtics,BOS,1,0,Henri Drell,,,,,1
0022300373,126,6,11,1,10:31 PM,2:34,Sabonis T.FOUL (P0.T3) (G.Petraitis),,,,,4,1627734,Domantas Sabonis,1610612758.0,Sacramento,Kings,SAC,0,0,,,,,,1,0,,,,,,1
0022300373,127,3,16,1,10:31 PM,2:34,,,Porzingis Free Throw Technical (4 PTS),30 - 29,-1,5,204001,Kristaps Porzingis,1610612738.0,Boston,Celtics,BOS,0,0,,,,,,0,0,,,,,,1
0022300373,128,8,0,1,10:31 PM,2:34,SUB: Fox FOR Sabonis,,,,,4,1627734,Domantas Sabonis,1610612758.0,Sacramento,Kings,SAC,4,1628368,De'Aaron Fox,1610612758.0,Sacramento,Kings,SAC,0,0,,,,,,0
0022300373,129,8,0,1,10:31 PM,2:34,,,SUB: Holiday FOR Brown,,,5,1627759,Jaylen Brown,1610612738.0,Boston,Celtics,BOS,5,201950,Jrue Holiday,1610612738.0,Boston,Celtics,BOS,0,0,,,,,,0
0022300373,130,8,0,1,10:31 PM,2:34,,,SUB: Queta FOR Porzingis,,,5,204001,Kristaps Porzingis,1610612738.0,Boston,Celtics,BOS,5,1629674,Neemias Queta,1610612738.0,Boston,Celtics,BOS,0,0,,,,,,0
0022300373,134,3,10,1,10:31 PM,2:34,,,MISS White Free Throw 1 of 1,,,5,1628401,Derrick White,1610612738.0,Boston,Celtics,BOS,0,0,,,,,,0,0,,,,,,1
0022300373,135,4,0,1,10:32 PM,2:31,Lyles REBOUND (Off:0 Def:1),,,,,4,1626168,Trey Lyles,1610612758.0,Sacramento,Kings,SAC,0,0,,,,,,0,0,,,,,,1
0022300373,136,1,1,1,10:32 PM,2:20,Lyles 3PT Jump Shot (3 PTS) (Monk 2 AST),,,30 - 32,2,4,1626168,Trey Lyles,1610612758.0,Sacramento,Kings,SAC,4,1628370,Malik Monk,1610612758.0,Sacramento,Kings,SAC,0,0,,,,,,1
0022300373,138,1,79,1,10:32 PM,2:08,,,White 25' 3PT Pullup Jump Shot (14 PTS),33 - 32,-1,5,1628401,Derrick White,1610612738.0,Boston,Celtics,BOS,0,0,,,,,,0,0,,,,,,1
0022300373,139,1,1,1,10:32 PM,1:56,Lyles 26' 3PT Jump Shot (6 PTS) (Fox 3 AST),,,33 - 35,2,4,1626168,Trey Lyles,1610612758.0,Sacramento,Kings,SAC,4,1628368,De'Aaron Fox,1610612758.0,Sacramento,Kings,SAC,0,0,,,,,,1
0022300373,141,6,2,1,10:32 PM,1:41,Murray S.FOUL (P2.T4) (S.Wright),,,,,4,1631099,Keegan Murray,1610612758.0,Sacramento,Kings,SAC,5,1628401,Derrick White,1610612738.0,Boston,Celtics,BOS,1,0,,,,,,1
0022300373,143,3,11,1,10:33 PM,1:41,,,White Free Throw 1 of 2 (15 PTS),34 - 35,1,5,1628401,Derrick White,1610612738.0,Boston,Celtics,BOS,0,0,,,,,,0,0,,,,,,1
0022300373,144,8,0,1,10:33 PM,1:41,SUB: Vezenkov FOR Murray,,,,,4,1631099,Keegan Murray,1610612758.0,Sacramento,Kings,SAC,4,1628426,Sasha Vezenkov,1610612758.0,Sacramento,Kings,SAC,0,0,,,,,,0
0022300373,146,3,12,1,10:33 PM,1:41,,,White Free Throw 2 of 2 (16 PTS),35 - 35,TIE,5,1628401,Derrick White,1610612738.0,Boston,Celtics,BOS,0,0,,,,,,0,0,,,,,,1
0022300373,147,2,1,1,10:34 PM,1:31,MISS Monk 26' 3PT Jump Shot,,,,,4,1628370,Malik Monk,1610612758.0,Sacramento,Kings,SAC,0,0,,,,,,0,0,,,,,,1
0022300373,148,4,0,1,10:34 PM,1:27,,,Queta REBOUND (Off:0 Def:1),,,5,1629674,Neemias Queta,1610612738.0,Boston,Celtics,BOS,0,0,,,,,,0,0,,,,,,1
0022300373,149,2,79,1,10:34 PM,1:19,,,MISS White 26' 3PT Pullup Jump Shot,,,5,1628401,Derrick White,1610612738.0,Boston,Celtics,BOS,0,0,,,,,,0,0,,,,,,1
0022300373,150,4,0,1,10:34 PM,1:14,Lyles REBOUND (Off:0 Def:2),,,,,4,1626168,Trey Lyles,1610612758.0,Sacramento,Kings,SAC,0,0,,,,,,0,0,,,,,,1
0022300373,151,1,80,1,10:34 PM,0:59,Fox 26' 3PT Step Back Jump Shot (14 PTS),,,35 - 38,3,4,1628368,De'Aaron Fox,1610612758.0,Sacramento,Kings,SAC,0,0,,,,,,0,0,,,,,,1
0022300373,152,1,1,1,10:34 PM,0:44,,,Pritchard 26' 3PT Jump Shot (9 PTS) (Holiday 2 AST),38 - 38,TIE,5,1630202,Payton Pritchard,1610612738.0,Boston,Celtics,BOS,5,201950,Jrue Holiday,1610612738.0,Boston,Celtics,BOS,0,0,,,,,,1
0022300373,154,1,79,1,10:35 PM,0:31,Fox 26' 3PT Pullup Jump Shot (17 PTS),,,38 - 41,3,4,1628368,De'Aaron Fox,1610612758.0,Sacramento,Kings,SAC,0,0,,,,,,0,0,,,,,,1
0022300373,155,2,63,1,10:35 PM,0:09,Ellis BLOCK (1 BLK),,MISS Holiday 15' Fadeaway Jumper,,,5,201950,Jrue Holiday,1610612738.0,Boston,Celtics,BOS,0,0,,,,,,4,1631165,Keon Ellis,1610612758.0,Sacramento,Kings,SAC,1
0022300373,157,4,0,1,10:35 PM,0:05,,,Holiday REBOUND (Off:1 Def:2),,,5,201950,Jrue Holiday,1610612738.0,Boston,Celtics,BOS,0,0,,,,,,0,0,,,,,,1
0022300373,158,2,63,1,10:35 PM,0:04,,,MISS Holiday 3' Fadeaway Jumper,,,5,201950,Jrue Holiday,1610612738.0,Boston,Celtics,BOS,0,0,,,,,,0,0,,,,,,1
0022300373,159,4,0,1,10:35 PM,0:00,Monk REBOUND (Off:0 Def:1),,,,,4,1628370,Malik Monk,1610612758.0,Sacramento,Kings,SAC,0,0,,,,,,0,0,,,,,,1
0022300373,160,2,79,1,10:35 PM,0:00,MISS Fox 26' 3PT Pullup Jump Shot,,,,,4,1628368,De'Aaron Fox,1610612758.0,Sacramento,Kings,SAC,0,0,,,,,,0,0,,,,,,1
0022300373,161,4,0,1,10:35 PM,0:00,KINGS Rebound,,,,,2,1610612758,,,,,,0,0,,,,,,0,0,,,,,,0
0022300373,162,13,0,1,10:36 PM,0:00,,End of 1st Period (10:36 PM EST),,38 - 41,3,0,0,,,,,,0,0,,,,,,0,0,,,,,,1
0022300373,169,12,0,2,10:38 PM,12:00,,Start of 2nd Period (10:38 PM EST),,38 - 41,3,0,0,,,,,,0,0,,,,,,0,0,,,,,,0
0022300373,170,2,1,2,10:38 PM,11:46,MISS Lyles 26' 3PT Jump Shot,,,,,4,1626168,Trey Lyles,1610612758.0,Sacramento,Kings,SAC,0,0,,,,,,0,0,,,,,,1
0022300373,171,4,0,2,10:38 PM,11:42,,,Mykhailiuk REBOUND (Off:0 Def:1),,,5,1629004,Svi Mykhailiuk,1610612738.0,Boston,Celtics,BOS,0,0,,,,,,0,0,,,,,,1
0022300373,172,2,103,2,10:39 PM,11:37,,,MISS Pritchard 27' 3PT Running Pull-Up Jump Shot,,,5,1630202,Payton Pritchard,1610612738.0,Boston,Celtics,BOS,0,0,,,,,,0,0,,,,,,1
0022300373,173,4,0,2,10:39 PM,11:34,,,Queta REBOUND (Off:1 Def:1),,,5,1629674,Neemias Queta,1610612738.0,Boston,Celtics,BOS,0,0,,,,,,0,0,,,,,,1
0022300373,174,2,3,2,10:39 PM,11:29,,,MISS Queta 5' Hook Shot,,,5,1629674,Neemias Queta,1610612738.0,Boston,Celtics,BOS,0,0,,,,,,0,0,,,,,,1
0022300373,175,4,0,2,10:39 PM,11:27,,,Queta REBOUND (Off:2 Def:1),,,5,1629674,Neemias Queta,1610612738.0,Boston,Celtics,BOS,0,0,,,,,,0,0,,,,,,1
0022300373,176,2,72,2,10:39 PM,11:25,Lyles BLOCK (1 BLK),,MISS Queta 2' Putback Layup,,,5,1629674,Neemias Queta,1610612738.0,Boston,Celtics,BOS,0,0,,,,,,4,1626168,Trey Lyles,1610612758.0,Sacramento,Kings,SAC,1
0022300373,178,4,0,2,10:39 PM,11:25,KINGS Rebound,,,,,2,1610612758,,,,,,0,0,,,,,,0,0,,,,,,0
0022300373,179,6,3,2,10:39 PM,11:25,,,Queta L.B.FOUL (P1.T1) (I.Hwang),,,5,1629674,Neemias Queta,1610612738.0,Boston,Celtics,BOS,4,1626168,Trey Lyles,1610612758.0,Sacramento,Kings,SAC,1,0,Henri Drell,,,,,1
0022300373,181,2,1,2,10:39 PM,11:13,MISS Vezenkov 26' 3PT Jump Shot,,,,,4,1628426,Sasha Vezenkov,1610612758.0,Sacramento,Kings,SAC,0,0,,,,,,0,0,,,,,,1
0022300373,182,4,0,2,10:39 PM,11:07,,,Pritchard REBOUND (Off:0 Def:2),,,5,1630202,Payton Pritchard,1610612738.0,Boston,Celtics,BOS,0,0,,,,,,0,0,,,,,,1
0022300373,183,1,80,2,10:39 PM,10:59,,,Holiday 25' 3PT Step Back Jump Shot (6 PTS),41 - 41,TIE,5,201950,Jrue Holiday,1610612738.0,Boston,Celtics,BOS,0,0,,,,,,0,0,,,,,,1
0022300373,184,1,79,2,10:40 PM,10:47,Fox 14' Pullup Jump Shot (19 PTS),,,41 - 43,2,4,1628368,De'Aaron Fox,1610612758.0,Sacramento,Kings,SAC,0,0,,,,,,0,0,,,,,,1
0022300373,185,1,5,2,10:40 PM,10:27,,,Queta 1' Layup (2 PTS) (Pritchard 1 AST),43 - 43,TIE,5,1629674,Neemias Queta,1610612738.0,Boston,Celtics,BOS,5,1630202,Payton Pritchard,1610612738.0,Boston,Celtics,BOS,0,0,,,,,,1
0022300373,187,2,75,2,10:40 PM,10:09,MISS Monk 3' Driving Finger Roll Layup,,,,,4,1628370,Malik Monk,1610612758.0,Sacramento,Kings,SAC,0,0,,,,,,0,0,,,,,,1
0022300373,188,4,0,2,10:40 PM,10:07,,,Mykhailiuk REBOUND (Off:0 Def:2),,,5,1629004,Svi Mykhailiuk,1610612738.0,Boston,Celtics,BOS,0,0,,,,,,0,0,,,,,,1
0022300373,189,2,75,2,10:40 PM,9:58,,,MISS Holiday 3' Driving Finger Roll Layup,,,5,201950,Jrue Holiday,1610612738.0,Boston,Celtics,BOS,0,0,,,,,,0,0,,,,,,1
0022300373,190,4,0,2,10:41 PM,9:56,Fox REBOUND (Off:1 Def:1),,,,,4,1628368,De'Aaron Fox,1610612758.0,Sacramento,Kings,SAC,0,0,,,,,,0,0,,,,,,1
0022300373,191,5,1,2,10:41 PM,9:54,Fox Bad Pass Turnover (P1.T1),,Mykhailiuk STEAL (1 STL),,,4,1628368,De'Aaron Fox,1610612758.0,Sacramento,Kings,SAC,5,1629004,Svi Mykhailiuk,1610612738.0,Boston,Celtics,BOS,0,0,,,,,,1
0022300373,193,1,80,2,10:41 PM,9:49,,,Holiday 26' 3PT Step Back Jump Shot (9 PTS),46 - 43,-3,5,201950,Jrue Holiday,1610612738.0,Boston,Celtics,BOS,0,0,,,,,,0,0,,,,,,1
0022300373,194,2,80,2,10:41 PM,9:29,MISS Monk 25' 3PT Step Back Jump Shot,,,,,4,1628370,Malik Monk,1610612758.0,Sacramento,Kings,SAC,0,0,,,,,,0,0,,,,,,1
0022300373,195,4,0,2,10:41 PM,9:23,,,Hauser REBOUND (Off:0 Def:2),,,5,1630573,Sam Hauser,1610612738.0,Boston,Celtics,BOS,0,0,,,,,,0,0,,,,,,1
0022300373,196,2,1,2,10:41 PM,9:21,,,MISS Hauser 3PT Jump Shot,,,5,1630573,Sam Hauser,1610612738.0,Boston,Celtics,BOS,0,0,,,,,,0,0,,,,,,1
0022300373,197,4,0,2,10:41 PM,9:18,,,Mykhailiuk REBOUND (Off:1 Def:2),,,5,1629004,Svi Mykhailiuk,1610612738.0,Boston,Celtics,BOS,0,0,,,,,,0,0,,,,,,1
0022300373,198,2,44,2,10:41 PM,9:16,,,MISS Mykhailiuk 2' Reverse Layup,,,5,1629004,Svi Mykhailiuk,1610612738.0,Boston,Celtics,BOS,0,0,,,,,,0,0,,,,,,1
0022300373,199,4,0,2,10:41 PM,9:14,Barnes REBOUND (Off:0 Def:1),,,,,4,203084,Harrison Barnes,1610612758.0,Sacramento,Kings,SAC,0,0,,,,,,0,0,,,,,,1
0022300373,200,1,1,2,10:41 PM,9:04,Vezenkov 25' 3PT Jump Shot (3 PTS) (Lyles 1 AST),,,46 - 46,TIE,4,1628426,Sasha Vezenkov,1610612758.0,Sacramento,Kings,SAC,4,1626168,Trey Lyles,1610612758.0,Sacramento,Kings,SAC,0,0,,,,,,1
0022300373,202,2,1,2,10:42 PM,8:40,,,MISS Mykhailiuk 25' 3PT Jump Shot,,,5,1629004,Svi Mykhailiuk,1610612738.0,Boston,Celtics,BOS,0,0,,,,,,0,0,,,,,,1
0022300373,203,4,0,2,10:42 PM,8:37,,,Holiday REBOUND (Off:2 Def:2),,,5,201950,Jrue Holiday,1610612738.0,Boston,Celtics,BOS,0,0,,,,,,0,0,,,,,,1
0022300373,204,2,79,2,10:42 PM,8:33,,,MISS Pritchard 27' 3PT Pullup Jump Shot,,,5,1630202,Payton Pritchard,1610612738.0,Boston,Celtics,BOS,0,0,,,,,,0,0,,,,,,1
0022300373,205,4,0,2,10:42 PM,8:29,,,Mykhailiuk REBOUND (Off:2 Def:2),,,5,1629004,Svi Mykhailiuk,1610612738.0,Boston,Celtics,BOS,0,0,,,,,,0,0,,,,,,1
0022300373,206,1,1,2,10:42 PM,8:26,,,Pritchard 25' 3PT Jump Shot (12 PTS) (Mykhailiuk 1 AST),49 - 46,-3,5,1630202,Payton Pritchard,1610612738.0,Boston,Celtics,BOS,5,1629004,Svi Mykhailiuk,1610612738.0,Boston,Celtics,BOS,0,0,,,,,,1
0022300373,208,1,79,2,10:42 PM,8:09,Fox 26' 3PT Pullup Jump Shot (22 PTS),,,49 - 49,TIE,4,1628368,De'Aaron Fox,1610612758.0,Sacramento,Kings,SAC,0,0,,,,,,0,0,,,,,,1
0022300373,209,1,43,2,10:43 PM,7:48,,,Queta 1' Alley Oop Layup (4 PTS) (Holiday 3 AST),51 - 49,-2,5,1629674,Neemias Queta,1610612738.0,Boston,Celtics,BOS,5,201950,Jrue Holiday,1610612738.0,Boston,Celtics,BOS,0,0,,,,,,1
0022300373,211,9,1,2,10:43 PM,7:47,KINGS Timeout: Regular (Full 3 Short 0),,,,,2,1610612758,,,,,,0,0,,,,,,0,0,,,,,,0
0022300373,212,8,0,2,10:45 PM,7:47,SUB: Huerter FOR Monk,,,,,4,1628370,Malik Monk,1610612758.0,Sacramento,Kings,SAC,4,1628989,Kevin Huerter,1610612758.0,Sacramento,Kings,SAC,0,0,,,,,,0
0022300373,213,8,0,2,10:45 PM,7:47,SUB: Sabonis FOR Fox,,,,,4,1628368,De'Aaron Fox,1610612758.0,Sacramento,Kings,SAC,4,1627734,Domantas Sabonis,1610612758.0,Sacramento,Kings,SAC,0,0,,,,,,0
0022300373,214,8,0,2,10:45 PM,7:47,SUB: Ellis FOR Vezenkov,,,,,4,1628426,Sasha Vezenkov,1610612758.0,Sacramento,Kings,SAC,4,1631165,Keon Ellis,1610612758.0,Sacramento,Kings,SAC,0,0,,,,,,0
0022300373,215,8,0,2,10:45 PM,7:47,,,SUB: Porzingis FOR Queta,,,5,1629674,Neemias Queta,1610612738.0,Boston,Celtics,BOS,5,204001,Kristaps Porzingis,1610612738.0,Boston,Celtics,BOS,0,0,,,,,,0
0022300373,216,8,0,2,10:45 PM,7:47,,,SUB: Brown FOR Mykhailiuk,,,5,1629004,Svi Mykhailiuk,1610612738.0,Boston,Celtics,BOS,5,1627759,Jaylen Brown,1610612738.0,Boston,Celtics,BOS,0,0,,,,,,0
0022300373,222,2,5,2,10:46 PM,7:28,MISS Sabonis 3' Layup,,Porzingis BLOCK (3 BLK),,,4,1627734,Domantas Sabonis,1610612758.0,Sacramento,Kings,SAC,0,0,,,,,,5,204001,Kristaps Porzingis,1610612738.0,Boston,Celtics,BOS,1
0022300373,224,4,0,2,10:46 PM,7:23,,,Hauser REBOUND (Off:0 Def:3),,,5,1630573,Sam Hauser,1610612738.0,Boston,Celtics,BOS,0,0,,,,,,0,0,,,,,,1
0022300373,225,6,2,2,10:46 PM,7:21,Lyles S.FOUL (P1.T1) (G.Petraitis),,,,,4,1626168,Trey Lyles,1610612758.0,Sacramento,Kings,SAC,5,1627759,Jaylen Brown,1610612738.0,Boston,Celtics,BOS,1,0,,,,,,1
0022300373,227,3,11,2,10:47 PM,7:21,,,MISS Brown Free Throw 1 of 2,,,5,1627759,Jaylen Brown,1610612738.0,Boston,Celtics,BOS,0,0,,,,,,0,0,,,,,,0
0022300373,228,4,1,2,10:47 PM,7:21,,,Celtics Rebound,,,3,1610612738,,,,,,0,0,,,,,,0,0,,,,,,0
0022300373,229,3,12,2,10:47 PM,7:21,,,Brown Free Throw 2 of 2 (7 PTS),52 - 49,-3,5,1627759,Jaylen Brown,1610612738.0,Boston,Celtics,BOS,0,0,,,,,,0,0,,,,,,1
0022300373,230,2,1,2,10:47 PM,7:03,MISS Ellis 26' 3PT Jump Shot,,,,,4,1631165,Keon Ellis,1610612758.0,Sacramento,Kings,SAC,0,0,,,,,,0,0,,,,,,1
0022300373,231,4,0,2,10:47 PM,7:00,,,Porzingis REBOUND (Off:1 Def:3),,,5,204001,Kristaps Porzingis,1610612738.0,Boston,Celtics,BOS,0,0,,,,,,0,0,,,,,,1
0022300373,232,5,45,2,10:48 PM,6:48,,,Holiday Out of Bounds - Bad Pass Turnover Turnover (P3.T7),,,5,201950,Jrue Holiday,1610612738.0,Boston,Celtics,BOS,0,0,,,,,,1,0,Henri Drell,,,,,1
0022300373,233,8,0,2,10:48 PM,6:48,SUB: Murray FOR Lyles,,,,,4,1626168,Trey Lyles,1610612758.0,Sacramento,Kings,SAC,4,1631099,Keegan Murray,1610612758.0,Sacramento,Kings,SAC,0,0,,,,,,0
0022300373,235,5,1,2,10:48 PM,6:31,Murray Bad Pass Turnover (P1.T2),,Holiday STEAL (1 STL),,,4,1631099,Keegan Murray,1610612758.0,Sacramento,Kings,SAC,5,201950,Jrue Holiday,1610612738.0,Boston,Celtics,BOS,0,0,,,,,,1
0022300373,237,1,41,2,10:48 PM,6:29,,,Holiday 1' Running Layup (11 PTS),54 - 49,-5,5,201950,Jrue Holiday,1610612738.0,Boston,Celtics,BOS,0,0,,,,,,0,0,,,,,,1
0022300373,238,1,79,2,10:49 PM,6:08,Barnes 14' Pullup Jump Shot (2 PTS),,,54 - 51,-3,4,203084,Harrison Barnes,1610612758.0,Sacramento,Kings,SAC,0,0,,,,,,0,0,,,,,,1
0022300373,239,1,1,2,10:49 PM,5:54,,,Porzingis 27' 3PT Jump Shot (7 PTS) (Brown 4 AST),57 - 51,-6,5,204001,Kristaps Porzingis,1610612738.0,Boston,Celtics,BOS,5,1627759,Jaylen Brown,1610612738.0,Boston,Celtics,BOS,0,0,,,,,,1
0022300373,241,2,1,2,10:49 PM,5:40,MISS Murray 27' 3PT Jump Shot,,Holiday BLOCK (1 BLK),,,4,1631099,Keegan Murray,1610612758.0,Sacramento,Kings,SAC,0,0,,,,,,5,201950,Jrue Holiday,1610612738.0,Boston,Celtics,BOS,1
0022300373,242,4,0,2,10:49 PM,5:37,,,Brown REBOUND (Off:0 Def:2),,,5,1627759,Jaylen Brown,1610612738.0,Boston,Celtics,BOS,0,0,,,,,,0,0,,,,,,1
0022300373,244,2,2,2,10:49 PM,5:33,,,MISS Porzingis 26' 3PT Running Jump Shot,,,5,204001,Kristaps Porzingis,1610612738.0,Boston,Celtics,BOS,0,0,,,,,,0,0,,,,,,1
0022300373,245,4,0,2,10:49 PM,5:27,Barnes REBOUND (Off:0 Def:2),,,,,4,203084,Harrison Barnes,1610612758.0,Sacramento,Kings,SAC,0,0,,,,,,0,0,,,,,,1
0022300373,246,1,3,2,10:49 PM,5:19,Sabonis 8' Hook Shot (6 PTS) (Barnes 2 AST),,,57 - 53,-4,4,1627734,Domantas Sabonis,1610612758.0,Sacramento,Kings,SAC,4,203084,Harrison Barnes,1610612758.0,Sacramento,Kings,SAC,0,0,,,,,,1
0022300373,248,9,1,2,10:50 PM,5:19,,,Celtics Timeout: Regular (Reg.2 Short 0),,,3,1610612738,,,,,,0,0,,,,,,0,0,,,,,,0
0022300373,249,8,0,2,10:52 PM,5:19,SUB: Fox FOR Ellis,,,,,4,1631165,Keon Ellis,1610612758.0,Sacramento,Kings,SAC,4,1628368,De'Aaron Fox,1610612758.0,Sacramento,Kings,SAC,0,0,,,,,,0
0022300373,250,8,0,2,10:52 PM,5:19,,,SUB: Brissett FOR Holiday,,,5,201950,Jrue Holiday,1610612738.0,Boston,Celtics,BOS,5,1629052,Oshae Brissett,1610612738.0,Boston,Celtics,BOS,0,0,,,,,,0
0022300373,251,8,0,2,10:52 PM,5:19,,,SUB: White FOR Pritchard,,,5,1630202,Payton Pritchard,1610612738.0,Boston,Celtics,BOS,5,1628401,Derrick White,1610612738.0,Boston,Celtics,BOS,0,0,,,,,,0
0022300373,255,1,1,2,10:53 PM,4:59,,,Hauser 24' 3PT Jump Shot (3 PTS) (Brown 5 AST),60 - 53,-7,5,1630573,Sam Hauser,1610612738.0,Boston,Celtics,BOS,5,1627759,Jaylen Brown,1610612738.0,Boston,Celtics,BOS,0,0,,,,,,1
0022300373,257,2,1,2,10:53 PM,4:44,MISS Murray 24' 3PT Jump Shot,,,,,4,1631099,Keegan Murray,1610612758.0,Sacramento,Kings,SAC,0,0,,,,,,0,0,,,,,,1
0022300373,258,4,0,2,10:53 PM,4:41,KINGS Rebound,,,,,2,1610612758,,,,,,0,0,,,,,,0,0,,,,,,0
0022300373,260,1,57,2,10:54 PM,4:34,Sabonis 6' Driving Hook Shot (8 PTS),,,60 - 55,-5,4,1627734,Domantas Sabonis,1610612758.0,Sacramento,Kings,SAC,0,0,,,,,,0,0,,,,,,1
0022300373,261,2,47,2,10:54 PM,4:17,,,MISS Brown 20' Turnaround Jump Shot,,,5,1627759,Jaylen Brown,1610612738.0,Boston,Celtics,BOS,0,0,,,,,,0,0,,,,,,1
0022300373,262,4,0,2,10:54 PM,4:13,Barnes REBOUND (Off:0 Def:3),,,,,4,203084,Harrison Barnes,1610612758.0,Sacramento,Kings,SAC,0,0,,,,,,0,0,,,,,,1
0022300373,263,2,6,2,10:54 PM,4:06,MISS Barnes 6' Driving Layup,,,,,4,203084,Harrison Barnes,1610612758.0,Sacramento,Kings,SAC,0,0,,,,,,0,0,,,,,,1
0022300373,264,4,0,2,10:54 PM,4:04,,,Hauser REBOUND (Off:0 Def:4),,,5,1630573,Sam Hauser,1610612738.0,Boston,Celtics,BOS,0,0,,,,,,0,0,,,,,,1
0022300373,265,6,2,2,10:54 PM,4:01,Fox S.FOUL (P1.T2) (S.Wright),,,,,4,1628368,De'Aaron Fox,1610612758.0,Sacramento,Kings,SAC,5,204001,Kristaps Porzingis,1610612738.0,Boston,Celtics,BOS,1,0,,,,,,1
0022300373,267,3,11,2,10:55 PM,4:01,,,Porzingis Free Throw 1 of 2 (8 PTS),61 - 55,-6,5,204001,Kristaps Porzingis,1610612738.0,Boston,Celtics,BOS,0,0,,,,,,0,0,,,,,,1
0022300373,268,3,12,2,10:55 PM,4:01,,,MISS Porzingis Free Throw 2 of 2,,,5,204001,Kristaps Porzingis,1610612738.0,Boston,Celtics,BOS,0,0,,,,,,0,0,,,,,,1
0022300373,269,4,0,2,10:55 PM,3:58,Sabonis REBOUND (Off:3 Def:4),,,,,4,1627734,Domantas Sabonis,1610612758.0,Sacramento,Kings,SAC,0,0,,,,,,0,0,,,,,,1
0022300373,270,1,1,2,10:55 PM,3:49,Huerter 24' 3PT Jump Shot (3 PTS) (Sabonis 5 AST),,,61 - 58,-3,4,1628989,Kevin Huerter,1610612758.0,Sacramento,Kings,SAC,4,1627734,Domantas Sabonis,1610612758.0,Sacramento,Kings,SAC,0,0,,,,,,1
0022300373,272,6,1,2,10:56 PM,3:30,Fox P.FOUL (P2.T3) (S.Wright),,,,,4,1628368,De'Aaron Fox,1610612758.0,Sacramento,Kings,SAC,5,204001,Kristaps Porzingis,1610612738.0,Boston,Celtics,BOS,1,0,,,,,,1
0022300373,274,9,1,2,10:56 PM,3:30,KINGS Timeout: Regular (Full 4 Short 0),,,,,2,1610612758,,,,,,0,0,,,,,,0,0,,,,,,0
0022300373,276,8,0,2,10:56 PM,3:30,,,SUB: Holiday FOR Brissett,,,5,1629052,Oshae Brissett,1610612738.0,Boston,Celtics,BOS,5,201950,Jrue Holiday,1610612738.0,Boston,Celtics,BOS,0,0,,,,,,0
0022300373,275,18,4,2,10:56 PM,3:30,,Instant Replay2nd Period (10:56 PM EST),,61 - 58,-3,0,272,,,,,,0,0,,,,,,1,0,,,,,,1
0022300373,278,1,79,2,10:59 PM,3:15,,,Brown 15' Pullup Jump Shot (9 PTS),63 - 58,-5,5,1627759,Jaylen Brown,1610612738.0,Boston,Celtics,BOS,0,0,,,,,,0,0,,,,,,1
0022300373,279,2,6,2,10:59 PM,2:58,MISS Fox 3' Driving Layup,,White BLOCK (2 BLK),,,4,1628368,De'Aaron Fox,1610612758.0,Sacramento,Kings,SAC,0,0,,,,,,5,1628401,Derrick White,1610612738.0,Boston,Celtics,BOS,1
0022300373,281,4,0,2,10:59 PM,2:54,,,Holiday REBOUND (Off:2 Def:3),,,5,201950,Jrue Holiday,1610612738.0,Boston,Celtics,BOS,0,0,,,,,,0,0,,,,,,1
0022300373,282,1,41,2,10:59 PM,2:52,,,Brown 2' Running Layup (11 PTS) (Holiday 4 AST),65 - 58,-7,5,1627759,Jaylen Brown,1610612738.0,Boston,Celtics,BOS,5,201950,Jrue Holiday,1610612738.0,Boston,Celtics,BOS,0,0,,,,,,1
0022300373,283,1,86,2,11:00 PM,2:33,Huerter 9' Turnaround Fadeaway (5 PTS),,,65 - 60,-5,4,1628989,Kevin Huerter,1610612758.0,Sacramento,Kings,SAC,0,0,,,,,,0,0,,,,,,1
0022300373,284,1,47,2,11:01 PM,2:12,,,Porzingis 15' Turnaround Jump Shot (10 PTS),67 - 60,-7,5,204001,Kristaps Porzingis,1610612738.0,Boston,Celtics,BOS,0,0,,,,,,0,0,,,,,,1
0022300373,285,2,6,2,11:01 PM,2:03,MISS Sabonis 4' Driving Layup,,,,,4,1627734,Domantas Sabonis,1610612758.0,Sacramento,Kings,SAC,0,0,,,,,,0,0,,,,,,1
0022300373,286,4,0,2,11:01 PM,2:02,Sabonis REBOUND (Off:4 Def:4),,,,,4,1627734,Domantas Sabonis,1610612758.0,Sacramento,Kings,SAC,0,0,,,,,,0,0,,,,,,1
0022300373,287,1,87,2,11:01 PM,2:01,Sabonis 1' Putback Dunk (10 PTS),,,67 - 62,-5,4,1627734,Domantas Sabonis,1610612758.0,Sacramento,Kings,SAC,0,0,,,,,,0,0,,,,,,1
0022300373,288,2,80,2,11:01 PM,1:48,,,MISS Brown 18' Step Back Jump Shot,,,5,1627759,Jaylen Brown,1610612738.0,Boston,Celtics,BOS,0,0,,,,,,0,0,,,,,,1
0022300373,289,4,0,2,11:01 PM,1:41,,,Brown REBOUND (Off:1 Def:2),,,5,1627759,Jaylen Brown,1610612738.0,Boston,Celtics,BOS,0,0,,,,,,0,0,,,,,,1
0022300373,290,1,1,2,11:01 PM,1:34,,,White 25' 3PT Jump Shot (19 PTS) (Holiday 5 AST),70 - 62,-8,5,1628401,Derrick White,1610612738.0,Boston,Celtics,BOS,5,201950,Jrue Holiday,1610612738.0,Boston,Celtics,BOS,0,0,,,,,,1
0022300373,292,6,1,2,11:02 PM,1:13,,,Holiday P.FOUL (P1.T2) (G.Petraitis),,,5,201950,Jrue Holiday,1610612738.0,Boston,Celtics,BOS,4,1631099,Keegan Murray,1610612758.0,Sacramento,Kings,SAC,1,0,,,,,,1
0022300373,308,2,6,2,11:02 PM,1:09,MISS Fox 4' Driving Layup,,White BLOCK (3 BLK),,,4,1628368,De'Aaron Fox,1610612758.0,Sacramento,Kings,SAC,0,0,,,,,,5,1628401,Derrick White,1610612738.0,Boston,Celtics,BOS,1
0022300373,310,4,0,2,11:02 PM,1:09,KINGS Rebound,,,,,2,1610612758,,,,,,0,0,,,,,,0,0,,,,,,0
0022300373,295,2,1,2,11:02 PM,1:07,MISS Murray 12' Jump Shot,,,,,4,1631099,Keegan Murray,1610612758.0,Sacramento,Kings,SAC,0,0,,,,,,0,0,,,,,,1
0022300373,296,4,0,2,11:03 PM,1:02,,,Holiday REBOUND (Off:2 Def:4),,,5,201950,Jrue Holiday,1610612738.0,Boston,Celtics,BOS,0,0,,,,,,0,0,,,,,,1
0022300373,297,1,100,2,11:03 PM,0:59,,,Brown 1' Running Alley Oop Layup Shot (13 PTS) (Holiday 6 AST),72 - 62,-10,5,1627759,Jaylen Brown,1610612738.0,Boston,Celtics,BOS,5,201950,Jrue Holiday,1610612738.0,Boston,Celtics,BOS,0,0,,,,,,1
0022300373,300,1,101,2,11:03 PM,0:53,Fox 7' Driving Floating Jump Shot (24 PTS),,,72 - 64,-8,4,1628368,De'Aaron Fox,1610612758.0,Sacramento,Kings,SAC,0,0,,,,,,0,0,,,,,,1
0022300373,301,2,80,2,11:03 PM,0:35,,,MISS Brown 25' 3PT Step Back Jump Shot,,,5,1627759,Jaylen Brown,1610612738.0,Boston,Celtics,BOS,0,0,,,,,,0,0,,,,,,1
0022300373,302,4,0,2,11:03 PM,0:33,KINGS Rebound,,,,,2,1610612758,,,,,,0,0,,,,,,0,0,,,,,,0
0022300373,305,1,6,2,11:03 PM,0:24,Fox 2' Driving Layup (26 PTS),,,72 - 66,-6,4,1628368,De'Aaron Fox,1610612758.0,Sacramento,Kings,SAC,0,0,,,,,,0,0,,,,,,1
0022300373,306,1,6,2,11:04 PM,0:01,,,White 3' Driving Layup (21 PTS),74 - 66,-8,5,1628401,Derrick White,1610612738.0,Boston,Celtics,BOS,0,0,,,,,,0,0,,,,,,1
0022300373,307,13,0,2,11:04 PM,0:00,,End of 2nd Period (11:04 PM EST),,74 - 66,-8,0,0,,,,,,0,0,,,,,,0,0,,,,,,1
0022300373,311,12,0,3,11:19 PM,12:00,,Start of 3rd Period (11:19 PM EST),,74 - 66,-8,0,0,,,,,,0,0,,,,,,0,0,,,,,,0
0022300373,312,6,2,3,11:20 PM,11:40,,,Brown S.FOUL (P2.T1) (G.Petraitis),,,5,1627759,Jaylen Brown,1610612738.0,Boston,Celtics,BOS,4,203084,Harrison Barnes,1610612758.0,Sacramento,Kings,SAC,1,0,,,,,,1
0022300373,314,3,11,3,11:20 PM,11:40,MISS Barnes Free Throw 1 of 2,,,,,4,203084,Harrison Barnes,1610612758.0,Sacramento,Kings,SAC,0,0,,,,,,0,0,,,,,,1
0022300373,315,4,1,3,11:20 PM,11:40,KINGS Rebound,,,,,2,1610612758,,,,,,0,0,,,,,,0,0,,,,,,0
0022300373,316,3,12,3,11:20 PM,11:40,Barnes Free Throw 2 of 2 (3 PTS),,,74 - 67,-7,4,203084,Harrison Barnes,1610612758.0,Sacramento,Kings,SAC,0,0,,,,,,0,0,,,,,,1
0022300373,317,1,47,3,11:21 PM,11:22,,,Porzingis 15' Turnaround Jump Shot (12 PTS) (White 2 AST),76 - 67,-9,5,204001,Kristaps Porzingis,1610612738.0,Boston,Celtics,BOS,5,1628401,Derrick White,1610612738.0,Boston,Celtics,BOS,0,0,,,,,,1
0022300373,318,6,14,3,11:21 PM,11:22,Sabonis FLAGRANT.FOUL.TYPE1 (P1.T1) (I.Hwang),,,,,4,1627734,Domantas Sabonis,1610612758.0,Sacramento,Kings,SAC,5,204001,Kristaps Porzingis,1610612738.0,Boston,Celtics,BOS,1,0,Henri Drell,,,,,1
0022300373,320,18,1,3,11:21 PM,11:22,,Instant Replay3rd Period (11:21 PM EST),,76 - 67,-9,0,318,,,,,,0,0,,,,,,1,0,,,,,,0
0022300373,322,3,20,3,11:23 PM,11:22,,,Porzingis Free Throw Flagrant 1 of 1 (13 PTS),77 - 67,-10,5,204001,Kristaps Porzingis,1610612738.0,Boston,Celtics,BOS,0,0,,,,,,0,0,,,,,,1
0022300373,323,6,2,3,11:23 PM,11:11,Huerter S.FOUL (P1.T2) (I.Hwang),,,,,4,1628989,Kevin Huerter,1610612758.0,Sacramento,Kings,SAC,5,204001,Kristaps Porzingis,1610612738.0,Boston,Celtics,BOS,1,0,Henri Drell,,,,,1
0022300373,325,3,11,3,11:24 PM,11:11,,,Porzingis Free Throw 1 of 2 (14 PTS),78 - 67,-11,5,204001,Kristaps Porzingis,1610612738.0,Boston,Celtics,BOS,0,0,,,,,,0,0,,,,,,1
0022300373,326,3,12,3,11:24 PM,11:11,,,Porzingis Free Throw 2 of 2 (15 PTS),79 - 67,-12,5,204001,Kristaps Porzingis,1610612738.0,Boston,Celtics,BOS,0,0,,,,,,0,0,,,,,,1
0022300373,327,2,5,3,11:24 PM,11:00,MISS Fox 2' Layup,,Porzingis BLOCK (4 BLK),,,4,1628368,De'Aaron Fox,1610612758.0,Sacramento,Kings,SAC,0,0,,,,,,5,204001,Kristaps Porzingis,1610612738.0,Boston,Celtics,BOS,1
0022300373,329,4,0,3,11:24 PM,10:56,,,Porzingis REBOUND (Off:1 Def:4),,,5,204001,Kristaps Porzingis,1610612738.0,Boston,Celtics,BOS,0,0,,,,,,0,0,,,,,,1
0022300373,330,1,41,3,11:25 PM,10:53,,,White 1' Running Layup (23 PTS) (Holiday 7 AST),81 - 67,-14,5,1628401,Derrick White,1610612738.0,Boston,Celtics,BOS,5,201950,Jrue Holiday,1610612738.0,Boston,Celtics,BOS,0,0,,,,,,1
0022300373,331,1,75,3,11:25 PM,10:35,Huerter 4' Driving Finger Roll Layup (7 PTS),,,81 - 69,-12,4,1628989,Kevin Huerter,1610612758.0,Sacramento,Kings,SAC,0,0,,,,,,0,0,,,,,,1
0022300373,332,6,2,3,11:25 PM,10:35,,,Hauser S.FOUL (P1.T2) (G.Petraitis),,,5,1630573,Sam Hauser,1610612738.0,Boston,Celtics,BOS,4,1628989,Kevin Huerter,1610612758.0,Sacramento,Kings,SAC,1,0,,,,,,1
0022300373,334,3,10,3,11:25 PM,10:35,MISS Huerter Free Throw 1 of 1,,,,,4,1628989,Kevin Huerter,1610612758.0,Sacramento,Kings,SAC,0,0,,,,,,0,0,,,,,,1
0022300373,335,4,0,3,11:25 PM,10:32,,,Holiday REBOUND (Off:2 Def:5),,,5,201950,Jrue Holiday,1610612738.0,Boston,Celtics,BOS,0,0,,,,,,0,0,,,,,,1
0022300373,336,1,1,3,11:26 PM,10:10,,,Porzingis 13' Jump Shot (17 PTS),83 - 69,-14,5,204001,Kristaps Porzingis,1610612738.0,Boston,Celtics,BOS,0,0,,,,,,0,0,,,,,,1
0022300373,337,9,1,3,11:26 PM,10:10,KINGS Timeout: Regular (Full 5 Short 0),,,,,2,1610612758,,,,,,0,0,,,,,,0,0,,,,,,0
0022300373,339,8,0,3,11:28 PM,10:10,SUB: Lyles FOR Huerter,,,,,4,1628989,Kevin Huerter,1610612758.0,Sacramento,Kings,SAC,4,1626168,Trey Lyles,1610612758.0,Sacramento,Kings,SAC,0,0,,,,,,0
0022300373,341,2,6,3,11:29 PM,9:55,MISS Murray 2' Driving Layup,,Porzingis BLOCK (5 BLK),,,4,1631099,Keegan Murray,1610612758.0,Sacramento,Kings,SAC,0,0,,,,,,5,204001,Kristaps Porzingis,1610612738.0,Boston,Celtics,BOS,1
0022300373,343,4,0,3,11:29 PM,9:51,,,Porzingis REBOUND (Off:1 Def:5),,,5,204001,Kristaps Porzingis,1610612738.0,Boston,Celtics,BOS,0,0,,,,,,0,0,,,,,,1
0022300373,344,5,40,3,11:29 PM,9:42,,,Porzingis Out of Bounds Lost Ball Turnover (P3.T8),,,5,204001,Kristaps Porzingis,1610612738.0,Boston,Celtics,BOS,0,0,,,,,,1,0,Henri Drell,,,,,1
0022300373,345,5,1,3,11:30 PM,9:34,Fox Bad Pass Turnover (P2.T3),,White STEAL (1 STL),,,4,1628368,De'Aaron Fox,1610612758.0,Sacramento,Kings,SAC,5,1628401,Derrick White,1610612738.0,Boston,Celtics,BOS,0,0,,,,,,1
0022300373,347,1,100,3,11:30 PM,9:30,,,Brown 2' Running Alley Oop Layup Shot (15 PTS) (White 3 AST),85 - 69,-16,5,1627759,Jaylen Brown,1610612738.0,Boston,Celtics,BOS,5,1628401,Derrick White,1610612738.0,Boston,Celtics,BOS,0,0,,,,,,1
0022300373,349,5,40,3,11:30 PM,9:20,Sabonis Out of Bounds Lost Ball Turnover (P1.T4),,,,,4,1627734,Domantas Sabonis,1610612758.0,Sacramento,Kings,SAC,0,0,,,,,,1,0,Henri Drell,,,,,1
0022300373,350,1,63,3,11:30 PM,9:00,,,White 20' Fadeaway Jumper (25 PTS) (Porzingis 2 AST),87 - 69,-18,5,1628401,Derrick White,1610612738.0,Boston,Celtics,BOS,5,204001,Kristaps Porzingis,1610612738.0,Boston,Celtics,BOS,0,0,,,,,,1
0022300373,352,2,101,3,11:31 PM,8:42,MISS Sabonis 8' Driving Floating Jump Shot,,,,,4,1627734,Domantas Sabonis,1610612758.0,Sacramento,Kings,SAC,0,0,,,,,,0,0,,,,,,1
0022300373,354,4,0,3,11:31 PM,8:39,,,Porzingis REBOUND (Off:1 Def:6),,,5,204001,Kristaps Porzingis,1610612738.0,Boston,Celtics,BOS,0,0,,,,,,0,0,,,,,,1
0022300373,355,1,2,3,11:31 PM,8:35,,,Holiday 25' 3PT Running Jump Shot (14 PTS) (White 4 AST),90 - 69,-21,5,201950,Jrue Holiday,1610612738.0,Boston,Celtics,BOS,5,1628401,Derrick White,1610612738.0,Boston,Celtics,BOS,0,0,,,,,,1
0022300373,357,1,3,3,11:31 PM,8:20,Sabonis 4' Hook Shot (12 PTS) (Barnes 3 AST),,,90 - 71,-19,4,1627734,Domantas Sabonis,1610612758.0,Sacramento,Kings,SAC,4,203084,Harrison Barnes,1610612758.0,Sacramento,Kings,SAC,0,0,,,,,,1
0022300373,358,6,2,3,11:31 PM,8:06,Murray S.FOUL (P3.T3) (G.Petraitis),,,,,4,1631099,Keegan Murray,1610612758.0,Sacramento,Kings,SAC,5,1627759,Jaylen Brown,1610612738.0,Boston,Celtics,BOS,1,0,,,,,,1
0022300373,361,3,11,3,11:32 PM,8:06,,,Brown Free Throw 1 of 2 (16 PTS),91 - 71,-20,5,1627759,Jaylen Brown,1610612738.0,Boston,Celtics,BOS,0,0,,,,,,0,0,,,,,,1
0022300373,362,8,0,3,11:32 PM,8:06,SUB: Monk FOR Barnes,,,,,4,203084,Harrison Barnes,1610612758.0,Sacramento,Kings,SAC,4,1628370,Malik Monk,1610612758.0,Sacramento,Kings,SAC,0,0,,,,,,0
0022300373,364,3,12,3,11:32 PM,8:06,,,Brown Free Throw 2 of 2 (17 PTS),92 - 71,-21,5,1627759,Jaylen Brown,1610612738.0,Boston,Celtics,BOS,0,0,,,,,,0,0,,,,,,1
0022300373,365,6,2,3,11:32 PM,7:46,,,Porzingis S.FOUL (P1.T3) (G.Petraitis),,,5,204001,Kristaps Porzingis,1610612738.0,Boston,Celtics,BOS,4,1627734,Domantas Sabonis,1610612758.0,Sacramento,Kings,SAC,1,0,,,,,,1
0022300373,367,3,11,3,11:33 PM,7:46,MISS Sabonis Free Throw 1 of 2,,,,,4,1627734,Domantas Sabonis,1610612758.0,Sacramento,Kings,SAC,0,0,,,,,,0,0,,,,,,1
0022300373,368,4,1,3,11:33 PM,7:46,KINGS Rebound,,,,,2,1610612758,,,,,,0,0,,,,,,0,0,,,,,,0
0022300373,369,3,12,3,11:33 PM,7:46,Sabonis Free Throw 2 of 2 (13 PTS),,,92 - 72,-20,4,1627734,Domantas Sabonis,1610612758.0,Sacramento,Kings,SAC,0,0,,,,,,0,0,,,,,,1
0022300373,370,1,47,3,11:34 PM,7:33,,,Porzingis 9' Turnaround Jump Shot (19 PTS) (White 5 AST),94 - 72,-22,5,204001,Kristaps Porzingis,1610612738.0,Boston,Celtics,BOS,5,1628401,Derrick White,1610612738.0,Boston,Celtics,BOS,0,0,,,,,,1
0022300373,372,6,1,3,11:34 PM,7:19,,,Porzingis P.FOUL (P2.T4) (S.Wright),,,5,204001,Kristaps Porzingis,1610612738.0,Boston,Celtics,BOS,4,1627734,Domantas Sabonis,1610612758.0,Sacramento,Kings,SAC,1,0,,,,,,1
0022300373,374,2,1,3,11:34 PM,7:11,MISS Monk 25' 3PT Jump Shot,,,,,4,1628370,Malik Monk,1610612758.0,Sacramento,Kings,SAC,0,0,,,,,,0,0,,,,,,1
0022300373,375,4,0,3,11:34 PM,7:08,,,Porzingis REBOUND (Off:1 Def:7),,,5,204001,Kristaps Porzingis,1610612738.0,Boston,Celtics,BOS,0,0,,,,,,0,0,,,,,,1
0022300373,376,1,41,3,11:34 PM,7:03,,,Brown 3' Running Layup (19 PTS) (White 6 AST),96 - 72,-24,5,1627759,Jaylen Brown,1610612738.0,Boston,Celtics,BOS,5,1628401,Derrick White,1610612738.0,Boston,Celtics,BOS,0,0,,,,,,1
0022300373,378,9,1,3,11:35 PM,7:00,KINGS Timeout: Regular (Full 6 Short 0),,,,,2,1610612758,,,,,,0,0,,,,,,0,0,,,,,,0
0022300373,379,1,1,3,11:38 PM,6:52,Murray 25' 3PT Jump Shot (11 PTS) (Sabonis 6 AST),,,96 - 75,-21,4,1631099,Keegan Murray,1610612758.0,Sacramento,Kings,SAC,4,1627734,Domantas Sabonis,1610612758.0,Sacramento,Kings,SAC,0,0,,,,,,1
0022300373,381,2,6,3,11:38 PM,6:31,,,MISS Brown 5' Driving Layup,,,5,1627759,Jaylen Brown,1610612738.0,Boston,Celtics,BOS,0,0,,,,,,0,0,,,,,,1
0022300373,382,4,0,3,11:38 PM,6:28,Sabonis REBOUND (Off:4 Def:5),,,,,4,1627734,Domantas Sabonis,1610612758.0,Sacramento,Kings,SAC,0,0,,,,,,0,0,,,,,,1
0022300373,383,2,78,3,11:38 PM,6:15,MISS Fox 11' Floating Jump Shot,,,,,4,1628368,De'Aaron Fox,1610612758.0,Sacramento,Kings,SAC,0,0,,,,,,0,0,,,,,,1
0022300373,384,4,0,3,11:38 PM,6:14,Fox REBOUND (Off:2 Def:1),,,,,4,1628368,De'Aaron Fox,1610612758.0,Sacramento,Kings,SAC,0,0,,,,,,0,0,,,,,,1
0022300373,385,6,2,3,11:38 PM,6:14,,,White S.FOUL (P1.PN) (I.Hwang),,,5,1628401,Derrick White,1610612738.0,Boston,Celtics,BOS,4,1628368,De'Aaron Fox,1610612758.0,Sacramento,Kings,SAC,1,0,Henri Drell,,,,,1
0022300373,387,3,11,3,11:39 PM,6:14,MISS Fox Free Throw 1 of 2,,,,,4,1628368,De'Aaron Fox,1610612758.0,Sacramento,Kings,SAC,0,0,,,,,,0,0,,,,,,0
0022300373,388,4,1,3,11:39 PM,6:14,KINGS Rebound,,,,,2,1610612758,,,,,,0,0,,,,,,0,0,,,,,,0
0022300373,389,3,12,3,11:39 PM,6:14,Fox Free Throw 2 of 2 (27 PTS),,,96 - 76,-20,4,1628368,De'Aaron Fox,1610612758.0,Sacramento,Kings,SAC,0,0,,,,,,0,0,,,,,,1
0022300373,390,1,1,3,11:39 PM,5:51,,,Porzingis 26' 3PT Jump Shot (22 PTS) (Brown 6 AST),99 - 76,-23,5,204001,Kristaps Porzingis,1610612738.0,Boston,Celtics,BOS,5,1627759,Jaylen Brown,1610612738.0,Boston,Celtics,BOS,0,0,,,,,,1
0022300373,392,1,101,3,11:40 PM,5:37,Monk 9' Driving Floating Jump Shot (2 PTS) (Sabonis 7 AST),,,99 - 78,-21,4,1628370,Malik Monk,1610612758.0,Sacramento,Kings,SAC,4,1627734,Domantas Sabonis,1610612758.0,Sacramento,Kings,SAC,0,0,,,,,,1
0022300373,393,1,86,3,11:40 PM,5:22,,,Brown 16' Turnaround Fadeaway (21 PTS),101 - 78,-23,5,1627759,Jaylen Brown,1610612738.0,Boston,Celtics,BOS,0,0,,,,,,0,0,,,,,,1
0022300373,394,6,2,3,11:40 PM,5:22,Fox S.FOUL (P3.T4) (I.Hwang),,,,,4,1628368,De'Aaron Fox,1610612758.0,Sacramento,Kings,SAC,5,1627759,Jaylen Brown,1610612738.0,Boston,Celtics,BOS,1,0,Henri Drell,,,,,1
0022300373,397,8,0,3,11:40 PM,5:22,SUB: Ellis FOR Fox,,,,,4,1628368,De'Aaron Fox,1610612758.0,Sacramento,Kings,SAC,4,1631165,Keon Ellis,1610612758.0,Sacramento,Kings,SAC,0,0,,,,,,0
0022300373,398,8,0,3,11:40 PM,5:22,,,SUB: Brissett FOR Holiday,,,5,201950,Jrue Holiday,1610612738.0,Boston,Celtics,BOS,5,1629052,Oshae Brissett,1610612738.0,Boston,Celtics,BOS,0,0,,,,,,0
0022300373,399,8,0,3,11:40 PM,5:22,,,SUB: Pritchard FOR Hauser,,,5,1630573,Sam Hauser,1610612738.0,Boston,Celtics,BOS,5,1630202,Payton Pritchard,1610612738.0,Boston,Celtics,BOS,0,0,,,,,,0
0022300373,403,3,10,3,11:41 PM,5:22,,,Brown Free Throw 1 of 1 (22 PTS),102 - 78,-24,5,1627759,Jaylen Brown,1610612738.0,Boston,Celtics,BOS,0,0,,,,,,0,0,,,,,,1
0022300373,404,2,108,3,11:41 PM,5:07,MISS Sabonis 3' Cutting Dunk Shot,,Porzingis BLOCK (6 BLK),,,4,1627734,Domantas Sabonis,1610612758.0,Sacramento,Kings,SAC,0,0,,,,,,5,204001,Kristaps Porzingis,1610612738.0,Boston,Celtics,BOS,1
0022300373,406,4,0,3,11:41 PM,5:01,,,Brown REBOUND (Off:1 Def:3),,,5,1627759,Jaylen Brown,1610612738.0,Boston,Celtics,BOS,0,0,,,,,,0,0,,,,,,1
0022300373,407,2,79,3,11:41 PM,4:49,,,MISS Brown 25' 3PT Pullup Jump Shot,,,5,1627759,Jaylen Brown,1610612738.0,Boston,Celtics,BOS,0,0,,,,,,0,0,,,,,,1
0022300373,408,4,0,3,11:41 PM,4:44,Lyles REBOUND (Off:0 Def:3),,,,,4,1626168,Trey Lyles,1610612758.0,Sacramento,Kings,SAC,0,0,,,,,,0,0,,,,,,1
0022300373,409,2,2,3,11:42 PM,4:40,MISS Ellis 25' 3PT Running Jump Shot,,,,,4,1631165,Keon Ellis,1610612758.0,Sacramento,Kings,SAC,0,0,,,,,,0,0,,,,,,1
0022300373,410,4,0,3,11:42 PM,4:39,,,Celtics Rebound,,,3,1610612738,,,,,,0,0,,,,,,0,0,,,,,,0
0022300373,412,9,7,3,11:42 PM,4:39,,,Celtics Timeout: Coach Challenge (Reg.2 Short 0),,,3,1610612738,,,,,,0,0,,,,,,0,0,,,,,,0
0022300373,413,18,5,3,11:42 PM,4:39,,Instant Replay3rd Period (11:42 PM EST),,102 - 78,-24,0,411,,,,,,0,0,,,,,,1,0,,,,,,0
0022300373,414,6,1,3,11:44 PM,4:26,Sabonis P.FOUL (P2.PN) (G.Petraitis),,,,,4,1627734,Domantas Sabonis,1610612758.0,Sacramento,Kings,SAC,5,204001,Kristaps Porzingis,1610612738.0,Boston,Celtics,BOS,1,0,,,,,,1
0022300373,416,3,11,3,11:45 PM,4:26,,,Porzingis Free Throw 1 of 2 (23 PTS),103 - 78,-25,5,204001,Kristaps Porzingis,1610612738.0,Boston,Celtics,BOS,0,0,,,,,,0,0,,,,,,1
0022300373,417,3,12,3,11:45 PM,4:26,,,Porzingis Free Throw 2 of 2 (24 PTS),104 - 78,-26,5,204001,Kristaps Porzingis,1610612738.0,Boston,Celtics,BOS,0,0,,,,,,0,0,,,,,,1
0022300373,418,2,78,3,11:45 PM,4:10,MISS Monk 7' Floating Jump Shot,,,,,4,1628370,Malik Monk,1610612758.0,Sacramento,Kings,SAC,0,0,,,,,,0,0,,,,,,1
0022300373,419,4,0,3,11:45 PM,4:08,,,Brown REBOUND (Off:1 Def:4),,,5,1627759,Jaylen Brown,1610612738.0,Boston,Celtics,BOS,0,0,,,,,,0,0,,,,,,1
0022300373,420,1,9,3,11:45 PM,4:01,,,Brown 2' Driving Dunk (24 PTS) (White 7 AST),106 - 78,-28,5,1627759,Jaylen Brown,1610612738.0,Boston,Celtics,BOS,5,1628401,Derrick White,1610612738.0,Boston,Celtics,BOS,0,0,,,,,,1
0022300373,422,6,2,3,11:46 PM,3:42,,,Porzingis S.FOUL (P3.PN) (G.Petraitis),,,5,204001,Kristaps Porzingis,1610612738.0,Boston,Celtics,BOS,4,1627734,Domantas Sabonis,1610612758.0,Sacramento,Kings,SAC,1,0,,,,,,1
0022300373,424,3,11,3,11:46 PM,3:42,MISS Sabonis Free Throw 1 of 2,,,,,4,1627734,Domantas Sabonis,1610612758.0,Sacramento,Kings,SAC,0,0,,,,,,0,0,,,,,,1
0022300373,425,4,1,3,11:46 PM,3:42,KINGS Rebound,,,,,2,1610612758,,,,,,0,0,,,,,,0,0,,,,,,0
0022300373,427,3,12,3,11:46 PM,3:42,MISS Sabonis Free Throw 2 of 2,,,,,4,1627734,Domantas Sabonis,1610612758.0,Sacramento,Kings,SAC,0,0,,,,,,0,0,,,,,,1
0022300373,428,4,0,3,11:46 PM,3:38,Sabonis REBOUND (Off:5 Def:5),,,,,4,1627734,Domantas Sabonis,1610612758.0,Sacramento,Kings,SAC,0,0,,,,,,0,0,,,,,,1
0022300373,429,1,52,3,11:47 PM,3:35,Murray 1' Alley Oop Dunk (13 PTS) (Sabonis 8 AST),,,106 - 80,-26,4,1631099,Keegan Murray,1610612758.0,Sacramento,Kings,SAC,4,1627734,Domantas Sabonis,1610612758.0,Sacramento,Kings,SAC,0,0,,,,,,1
0022300373,431,2,47,3,11:47 PM,3:10,,,MISS Porzingis 18' Turnaround Jump Shot,,,5,204001,Kristaps Porzingis,1610612738.0,Boston,Celtics,BOS,0,0,,,,,,0,0,,,,,,1
0022300373,432,4,0,3,11:47 PM,3:08,Ellis REBOUND (Off:0 Def:1),,,,,4,1631165,Keon Ellis,1610612758.0,Sacramento,Kings,SAC,0,0,,,,,,0,0,,,,,,1
0022300373,433,1,106,3,11:47 PM,3:06,Monk 1' Running Alley Oop Dunk Shot (4 PTS) (Ellis 1 AST),,,106 - 82,-24,4,1628370,Malik Monk,1610612758.0,Sacramento,Kings,SAC,4,1631165,Keon Ellis,1610612758.0,Sacramento,Kings,SAC,0,0,,,,,,1
0022300373,435,6,1,3,11:47 PM,2:51,Murray P.FOUL (P4.PN) (S.Wright),,,,,4,1631099,Keegan Murray,1610612758.0,Sacramento,Kings,SAC,5,1627759,Jaylen Brown,1610612738.0,Boston,Celtics,BOS,1,0,,,,,,1
0022300373,437,3,11,3,11:48 PM,2:51,,,Brown Free Throw 1 of 2 (25 PTS),107 - 82,-25,5,1627759,Jaylen Brown,1610612738.0,Boston,Celtics,BOS,0,0,,,,,,0,0,,,,,,1
0022300373,438,8,0,3,11:48 PM,2:51,SUB: McGee FOR Sabonis,,,,,4,1627734,Domantas Sabonis,1610612758.0,Sacramento,Kings,SAC,4,201580,JaVale McGee,1610612758.0,Sacramento,Kings,SAC,0,0,,,,,,0
0022300373,440,8,0,3,11:48 PM,2:51,SUB: Barnes FOR Murray,,,,,4,1631099,Keegan Murray,1610612758.0,Sacramento,Kings,SAC,4,203084,Harrison Barnes,1610612758.0,Sacramento,Kings,SAC,0,0,,,,,,0
0022300373,442,3,12,3,11:48 PM,2:51,,,Brown Free Throw 2 of 2 (26 PTS),108 - 82,-26,5,1627759,Jaylen Brown,1610612738.0,Boston,Celtics,BOS,0,0,,,,,,0,0,,,,,,1
0022300373,443,5,1,3,11:49 PM,2:35,Monk Bad Pass Turnover (P1.T5),,Pritchard STEAL (1 STL),,,4,1628370,Malik Monk,1610612758.0,Sacramento,Kings,SAC,5,1630202,Payton Pritchard,1610612738.0,Boston,Celtics,BOS,0,0,,,,,,1
0022300373,445,2,41,3,11:49 PM,2:30,Ellis BLOCK (2 BLK),,MISS Brown 3' Running Layup,,,5,1627759,Jaylen Brown,1610612738.0,Boston,Celtics,BOS,0,0,,,,,,4,1631165,Keon Ellis,1610612758.0,Sacramento,Kings,SAC,1
0022300373,447,4,0,3,11:49 PM,2:30,,,Celtics Rebound,,,3,1610612738,,,,,,0,0,,,,,,0,0,,,,,,0
0022300373,449,2,79,3,11:49 PM,2:21,,,MISS Pritchard 26' 3PT Pullup Jump Shot,,,5,1630202,Payton Pritchard,1610612738.0,Boston,Celtics,BOS,0,0,,,,,,0,0,,,,,,1
0022300373,450,4,0,3,11:49 PM,2:17,Lyles REBOUND (Off:0 Def:4),,,,,4,1626168,Trey Lyles,1610612758.0,Sacramento,Kings,SAC,0,0,,,,,,0,0,,,,,,1
0022300373,451,1,1,3,11:49 PM,2:08,Barnes 26' 3PT Jump Shot (6 PTS) (Ellis 2 AST),,,108 - 85,-23,4,203084,Harrison Barnes,1610612758.0,Sacramento,Kings,SAC,4,1631165,Keon Ellis,1610612758.0,Sacramento,Kings,SAC,0,0,,,,,,1
0022300373,453,2,9,3,11:50 PM,1:50,McGee BLOCK (1 BLK),,MISS Brown 6' Driving Dunk,,,5,1627759,Jaylen Brown,1610612738.0,Boston,Celtics,BOS,0,0,,,,,,4,201580,JaVale McGee,1610612758.0,Sacramento,Kings,SAC,1
0022300373,455,4,0,3,11:50 PM,1:47,,,White REBOUND (Off:1 Def:1),,,5,1628401,Derrick White,1610612738.0,Boston,Celtics,BOS,0,0,,,,,,0,0,,,,,,1
0022300373,456,1,1,3,11:50 PM,1:46,,,White 3PT Jump Shot (28 PTS),111 - 85,-26,5,1628401,Derrick White,1610612738.0,Boston,Celtics,BOS,0,0,,,,,,0,0,,,,,,1
0022300373,458,1,6,3,11:50 PM,1:36,McGee 6' Driving Layup (2 PTS) (Ellis 3 AST),,,111 - 87,-24,4,201580,JaVale McGee,1610612758.0,Sacramento,Kings,SAC,4,1631165,Keon Ellis,1610612758.0,Sacramento,Kings,SAC,0,0,,,,,,1
0022300373,460,1,47,3,11:51 PM,1:24,,,Brown 12' Turnaround Jump Shot (28 PTS),113 - 87,-26,5,1627759,Jaylen Brown,1610612738.0,Boston,Celtics,BOS,0,0,,,,,,0,0,,,,,,1
0022300373,461,1,1,3,11:51 PM,1:14,Lyles 25' 3PT Jump Shot (9 PTS) (Monk 3 AST),,,113 - 90,-23,4,1626168,Trey Lyles,1610612758.0,Sacramento,Kings,SAC,4,1628370,Malik Monk,1610612758.0,Sacramento,Kings,SAC,0,0,,,,,,1
0022300373,463,2,79,3,11:51 PM,0:53,,,MISS White 26' 3PT Pullup Jump Shot,,,5,1628401,Derrick White,1610612738.0,Boston,Celtics,BOS,0,0,,,,,,0,0,,,,,,1
0022300373,464,4,0,3,11:51 PM,0:53,,,Porzingis REBOUND (Off:2 Def:7),,,5,204001,Kristaps Porzingis,1610612738.0,Boston,Celtics,BOS,0,0,,,,,,0,0,,,,,,1
0022300373,465,2,79,3,11:51 PM,0:38,,,MISS Pritchard 17' Pullup Jump Shot,,,5,1630202,Payton Pritchard,1610612738.0,Boston,Celtics,BOS,0,0,,,,,,0,0,,,,,,1
0022300373,466,4,0,3,11:51 PM,0:34,Ellis REBOUND (Off:0 Def:2),,,,,4,1631165,Keon Ellis,1610612758.0,Sacramento,Kings,SAC,0,0,,,,,,0,0,,,,,,1
0022300373,467,2,6,3,11:52 PM,0:22,MISS Monk 3' Driving Layup,,,,,4,1628370,Malik Monk,1610612758.0,Sacramento,Kings,SAC,0,0,,,,,,0,0,,,,,,1
0022300373,468,4,0,3,11:52 PM,0:19,,,Pritchard REBOUND (Off:0 Def:3),,,5,1630202,Payton Pritchard,1610612738.0,Boston,Celtics,BOS,0,0,,,,,,0,0,,,,,,1
0022300373,469,2,1,3,11:52 PM,0:02,,,MISS White 26' 3PT Jump Shot,,,5,1628401,Derrick White,1610612738.0,Boston,Celtics,BOS,0,0,,,,,,0,0,,,,,,1
0022300373,470,4,0,3,11:52 PM,0:02,McGee REBOUND (Off:0 Def:1),,,,,4,201580,JaVale McGee,1610612758.0,Sacramento,Kings,SAC,0,0,,,,,,0,0,,,,,,1
0022300373,471,13,0,3,11:52 PM,0:00,,End of 3rd Period (11:52 PM EST),,113 - 90,-23,0,0,,,,,,0,0,,,,,,0,0,,,,,,1
0022300373,480,12,0,4,11:55 PM,12:00,,Start of 4th Period (11:55 PM EST),,113 - 90,-23,0,0,,,,,,0,0,,,,,,0,0,,,,,,0
0022300373,481,1,79,4,11:55 PM,11:46,,,Holiday 26' 3PT Pullup Jump Shot (17 PTS),116 - 90,-26,5,201950,Jrue Holiday,1610612738.0,Boston,Celtics,BOS,0,0,,,,,,0,0,,,,,,1
0022300373,482,6,2,4,11:55 PM,11:34,,,Queta S.FOUL (P2.T1) (G.Petraitis),,,5,1629674,Neemias Queta,1610612738.0,Boston,Celtics,BOS,4,1628370,Malik Monk,1610612758.0,Sacramento,Kings,SAC,1,0,,,,,,1
0022300373,484,3,11,4,11:56 PM,11:34,Monk Free Throw 1 of 2 (5 PTS),,,116 - 91,-25,4,1628370,Malik Monk,1610612758.0,Sacramento,Kings,SAC,0,0,,,,,,0,0,,,,,,1
0022300373,485,3,12,4,11:56 PM,11:34,Monk Free Throw 2 of 2 (6 PTS),,,116 - 92,-24,4,1628370,Malik Monk,1610612758.0,Sacramento,Kings,SAC,0,0,,,,,,0,0,,,,,,1
0022300373,514,18,7,4,11:56 PM,11:34,,Instant Replay4th Period (11:56 PM EST),,116 - 92,-24,0,481,,,,,,0,0,,,,,,1,0,,,,,,0
0022300373,486,2,79,4,11:57 PM,11:15,,,MISS Holiday 26' 3PT Pullup Jump Shot,,,5,201950,Jrue Holiday,1610612738.0,Boston,Celtics,BOS,0,0,,,,,,0,0,,,,,,1
0022300373,487,4,0,4,11:57 PM,11:11,Monk REBOUND (Off:0 Def:2),,,,,4,1628370,Malik Monk,1610612758.0,Sacramento,Kings,SAC,0,0,,,,,,0,0,,,,,,1
0022300373,488,1,1,4,11:57 PM,11:04,Ellis 25' 3PT Jump Shot (9 PTS) (Lyles 2 AST),,,116 - 95,-21,4,1631165,Keon Ellis,1610612758.0,Sacramento,Kings,SAC,4,1626168,Trey Lyles,1610612758.0,Sacramento,Kings,SAC,0,0,,,,,,1
0022300373,490,1,1,4,11:57 PM,10:45,,,Hauser 25' 3PT Jump Shot (6 PTS) (Holiday 8 AST),119 - 95,-24,5,1630573,Sam Hauser,1610612738.0,Boston,Celtics,BOS,5,201950,Jrue Holiday,1610612738.0,Boston,Celtics,BOS,0,0,,,,,,1
0022300373,492,2,1,4,11:57 PM,10:27,MISS Lyles 25' 3PT Jump Shot,,,,,4,1626168,Trey Lyles,1610612758.0,Sacramento,Kings,SAC,0,0,,,,,,0,0,,,,,,1
0022300373,493,4,0,4,11:57 PM,10:24,Barnes REBOUND (Off:1 Def:3),,,,,4,203084,Harrison Barnes,1610612758.0,Sacramento,Kings,SAC,0,0,,,,,,0,0,,,,,,1
0022300373,494,1,1,4,11:58 PM,10:15,Barnes 26' 3PT Jump Shot (9 PTS) (McGee 1 AST),,,119 - 98,-21,4,203084,Harrison Barnes,1610612758.0,Sacramento,Kings,SAC,4,201580,JaVale McGee,1610612758.0,Sacramento,Kings,SAC,0,0,,,,,,1
0022300373,496,2,5,4,11:58 PM,9:57,McGee BLOCK (2 BLK),,MISS Holiday 4' Layup,,,5,201950,Jrue Holiday,1610612738.0,Boston,Celtics,BOS,0,0,,,,,,4,201580,JaVale McGee,1610612758.0,Sacramento,Kings,SAC,1
0022300373,498,4,0,4,11:58 PM,9:52,,,Queta REBOUND (Off:3 Def:1),,,5,1629674,Neemias Queta,1610612738.0,Boston,Celtics,BOS,0,0,,,,,,0,0,,,,,,1
0022300373,499,1,1,4,11:58 PM,9:50,,,Pritchard 26' 3PT Jump Shot (15 PTS) (Hauser 1 AST),122 - 98,-24,5,1630202,Payton Pritchard,1610612738.0,Boston,Celtics,BOS,5,1630573,Sam Hauser,1610612738.0,Boston,Celtics,BOS,0,0,,,,,,1
0022300373,501,2,101,4,11:58 PM,9:35,MISS McGee 8' Driving Floating Jump Shot,,,,,4,201580,JaVale McGee,1610612758.0,Sacramento,Kings,SAC,0,0,,,,,,0,0,,,,,,1
0022300373,502,4,0,4,11:58 PM,9:35,Lyles REBOUND (Off:1 Def:4),,,,,4,1626168,Trey Lyles,1610612758.0,Sacramento,Kings,SAC,0,0,,,,,,0,0,,,,,,1
0022300373,503,1,107,4,11:58 PM,9:30,Lyles Tip Dunk Shot (11 PTS),,,122 - 100,-22,4,1626168,Trey Lyles,1610612758.0,Sacramento,Kings,SAC,0,0,,,,,,0,0,,,,,,1
0022300373,504,2,3,4,11:59 PM,9:16,,,MISS Queta 5' Hook Shot,,,5,1629674,Neemias Queta,1610612738.0,Boston,Celtics,BOS,0,0,,,,,,0,0,,,,,,1
0022300373,505,4,0,4,11:59 PM,9:12,McGee REBOUND (Off:0 Def:2),,,,,4,201580,JaVale McGee,1610612758.0,Sacramento,Kings,SAC,0,0,,,,,,0,0,,,,,,1
0022300373,506,5,1,4,11:59 PM,9:09,McGee Bad Pass Turnover (P1.T6),,Queta STEAL (1 STL),,,4,201580,JaVale McGee,1610612758.0,Sacramento,Kings,SAC,5,1629674,Neemias Queta,1610612738.0,Boston,Celtics,BOS,0,0,,,,,,1
0022300373,508,1,2,4,11:59 PM,9:05,,,Pritchard 3PT Running Jump Shot (18 PTS) (Holiday 9 AST),125 - 100,-25,5,1630202,Payton Pritchard,1610612738.0,Boston,Celtics,BOS,5,201950,Jrue Holiday,1610612738.0,Boston,Celtics,BOS,0,0,,,,,,1
0022300373,510,1,7,4,11:59 PM,8:51,McGee Dunk (4 PTS) (Monk 4 AST),,,125 - 102,-23,4,201580,JaVale McGee,1610612758.0,Sacramento,Kings,SAC,4,1628370,Malik Monk,1610612758.0,Sacramento,Kings,SAC,0,0,,,,,,1
0022300373,512,1,6,4,12:00 AM,8:29,,,Holiday 4' Driving Layup (19 PTS),127 - 102,-25,5,201950,Jrue Holiday,1610612738.0,Boston,Celtics,BOS,0,0,,,,,,0,0,,,,,,1
0022300373,513,9,1,4,12:00 AM,8:26,KINGS Timeout: Regular (Full 7 Short 0),,,,,2,1610612758,,,,,,0,0,,,,,,0,0,,,,,,0
0022300373,515,8,0,4,12:02 AM,8:26,SUB: Fox FOR Ellis,,,,,4,1631165,Keon Ellis,1610612758.0,Sacramento,Kings,SAC,4,1628368,De'Aaron Fox,1610612758.0,Sacramento,Kings,SAC,0,0,,,,,,0
0022300373,517,6,2,4,12:03 AM,8:17,,,Hauser S.FOUL (P2.T2) (S.Wright),,,5,1630573,Sam Hauser,1610612738.0,Boston,Celtics,BOS,4,1628368,De'Aaron Fox,1610612758.0,Sacramento,Kings,SAC,1,0,,,,,,1
0022300373,519,3,11,4,12:03 AM,8:17,Fox Free Throw 1 of 2 (28 PTS),,,127 - 103,-24,4,1628368,De'Aaron Fox,1610612758.0,Sacramento,Kings,SAC,0,0,,,,,,0,0,,,,,,1
0022300373,520,3,12,4,12:03 AM,8:17,Fox Free Throw 2 of 2 (29 PTS),,,127 - 104,-23,4,1628368,De'Aaron Fox,1610612758.0,Sacramento,Kings,SAC,0,0,,,,,,0,0,,,,,,1
0022300373,521,6,2,4,12:04 AM,7:56,Fox S.FOUL (P4.T1) (S.Wright),,,,,4,1628368,De'Aaron Fox,1610612758.0,Sacramento,Kings,SAC,5,201950,Jrue Holiday,1610612738.0,Boston,Celtics,BOS,1,0,,,,,,1
0022300373,523,3,11,4,12:04 AM,7:56,,,Holiday Free Throw 1 of 2 (20 PTS),128 - 104,-24,5,201950,Jrue Holiday,1610612738.0,Boston,Celtics,BOS,0,0,,,,,,0,0,,,,,,1
0022300373,524,3,12,4,12:04 AM,7:56,,,Holiday Free Throw 2 of 2 (21 PTS),129 - 104,-25,5,201950,Jrue Holiday,1610612738.0,Boston,Celtics,BOS,0,0,,,,,,0,0,,,,,,1
0022300373,525,5,1,4,12:05 AM,7:49,Fox Bad Pass Turnover (P3.T7),,Holiday STEAL (2 STL),,,4,1628368,De'Aaron Fox,1610612758.0,Sacramento,Kings,SAC,5,201950,Jrue Holiday,1610612738.0,Boston,Celtics,BOS,0,0,,,,,,1
0022300373,527,1,50,4,12:05 AM,7:45,,,Mykhailiuk 1' Running Dunk (2 PTS) (Holiday 10 AST),131 - 104,-27,5,1629004,Svi Mykhailiuk,1610612738.0,Boston,Celtics,BOS,5,201950,Jrue Holiday,1610612738.0,Boston,Celtics,BOS,0,0,,,,,,1
0022300373,529,6,2,4,12:05 AM,7:30,,,Mykhailiuk S.FOUL (P1.T3) (G.Petraitis),,,5,1629004,Svi Mykhailiuk,1610612738.0,Boston,Celtics,BOS,4,203084,Harrison Barnes,1610612758.0,Sacramento,Kings,SAC,1,0,,,,,,1
0022300373,531,3,11,4,12:05 AM,7:30,Barnes Free Throw 1 of 2 (10 PTS),,,131 - 105,-26,4,203084,Harrison Barnes,1610612758.0,Sacramento,Kings,SAC,0,0,,,,,,0,0,,,,,,1
0022300373,532,3,12,4,12:05 AM,7:30,MISS Barnes Free Throw 2 of 2,,,,,4,203084,Harrison Barnes,1610612758.0,Sacramento,Kings,SAC,0,0,,,,,,0,0,,,,,,1
0022300373,533,4,0,4,12:06 AM,7:28,,,Hauser REBOUND (Off:0 Def:5),,,5,1630573,Sam Hauser,1610612738.0,Boston,Celtics,BOS,0,0,,,,,,0,0,,,,,,1
0022300373,534,6,2,4,12:06 AM,7:16,Monk S.FOUL (P1.T2) (S.Wright),,,,,4,1628370,Malik Monk,1610612758.0,Sacramento,Kings,SAC,5,1630202,Payton Pritchard,1610612738.0,Boston,Celtics,BOS,1,0,,,,,,1
0022300373,536,3,13,4,12:07 AM,7:16,,,MISS Pritchard Free Throw 1 of 3,,,5,1630202,Payton Pritchard,1610612738.0,Boston,Celtics,BOS,0,0,,,,,,0,0,,,,,,1
0022300373,537,4,1,4,12:07 AM,7:16,,,Celtics Rebound,,,3,1610612738,,,,,,0,0,,,,,,0,0,,,,,,0
0022300373,538,3,14,4,12:07 AM,7:16,,,Pritchard Free Throw 2 of 3 (19 PTS),132 - 105,-27,5,1630202,Payton Pritchard,1610612738.0,Boston,Celtics,BOS,0,0,,,,,,0,0,,,,,,1
0022300373,539,8,0,4,12:07 AM,7:16,SUB: Vezenkov FOR Barnes,,,,,4,203084,Harrison Barnes,1610612758.0,Sacramento,Kings,SAC,4,1628426,Sasha Vezenkov,1610612758.0,Sacramento,Kings,SAC,0,0,,,,,,0
0022300373,540,8,0,4,12:07 AM,7:16,SUB: Ellis FOR Fox,,,,,4,1628368,De'Aaron Fox,1610612758.0,Sacramento,Kings,SAC,4,1631165,Keon Ellis,1610612758.0,Sacramento,Kings,SAC,0,0,,,,,,0
0022300373,543,3,15,4,12:07 AM,7:16,,,Pritchard Free Throw 3 of 3 (20 PTS),133 - 105,-28,5,1630202,Payton Pritchard,1610612738.0,Boston,Celtics,BOS,0,0,,,,,,0,0,,,,,,1
0022300373,544,1,1,4,12:08 AM,6:51,Ellis 3PT Jump Shot (12 PTS) (Lyles 3 AST),,,133 - 108,-25,4,1631165,Keon Ellis,1610612758.0,Sacramento,Kings,SAC,4,1626168,Trey Lyles,1610612758.0,Sacramento,Kings,SAC,0,0,,,,,,1
0022300373,546,1,79,4,12:08 AM,6:29,,,Hauser 14' Pullup Jump Shot (8 PTS) (Pritchard 2 AST),135 - 108,-27,5,1630573,Sam Hauser,1610612738.0,Boston,Celtics,BOS,5,1630202,Payton Pritchard,1610612738.0,Boston,Celtics,BOS,0,0,,,,,,1
0022300373,547,6,2,4,12:08 AM,6:11,,,Queta S.FOUL (P3.T4) (G.Petraitis),,,5,1629674,Neemias Queta,1610612738.0,Boston,Celtics,BOS,4,1628370,Malik Monk,1610612758.0,Sacramento,Kings,SAC,1,0,,,,,,1
0022300373,549,3,11,4,12:09 AM,6:11,Monk Free Throw 1 of 2 (7 PTS),,,135 - 109,-26,4,1628370,Malik Monk,1610612758.0,Sacramento,Kings,SAC,0,0,,,,,,0,0,,,,,,1
0022300373,551,8,0,4,12:09 AM,6:11,SUB: Edwards FOR Lyles,,,,,4,1626168,Trey Lyles,1610612758.0,Sacramento,Kings,SAC,4,1630556,Kessler Edwards,1610612758.0,Sacramento,Kings,SAC,0,0,,,,,,0
0022300373,553,3,12,4,12:09 AM,6:11,Monk Free Throw 2 of 2 (8 PTS),,,135 - 110,-25,4,1628370,Malik Monk,1610612758.0,Sacramento,Kings,SAC,0,0,,,,,,0,0,,,,,,1
0022300373,554,2,1,4,12:09 AM,5:59,,,MISS Hauser 26' 3PT Jump Shot,,,5,1630573,Sam Hauser,1610612738.0,Boston,Celtics,BOS,0,0,,,,,,0,0,,,,,,1
0022300373,555,4,0,4,12:09 AM,5:55,Edwards REBOUND (Off:0 Def:1),,,,,4,1630556,Kessler Edwards,1610612758.0,Sacramento,Kings,SAC,0,0,,,,,,0,0,,,,,,1
0022300373,556,1,98,4,12:09 AM,5:48,Edwards 2' Cutting Layup Shot (2 PTS) (Monk 5 AST),,,135 - 112,-23,4,1630556,Kessler Edwards,1610612758.0,Sacramento,Kings,SAC,4,1628370,Malik Monk,1610612758.0,Sacramento,Kings,SAC,0,0,,,,,,1
0022300373,558,2,1,4,12:10 AM,5:22,,,MISS Mykhailiuk 26' 3PT Jump Shot,,,5,1629004,Svi Mykhailiuk,1610612738.0,Boston,Celtics,BOS,0,0,,,,,,0,0,,,,,,1
0022300373,559,4,0,4,12:10 AM,5:18,McGee REBOUND (Off:0 Def:3),,,,,4,201580,JaVale McGee,1610612758.0,Sacramento,Kings,SAC,0,0,,,,,,0,0,,,,,,1
0022300373,560,1,106,4,12:10 AM,5:14,Monk 1' Running Alley Oop Dunk Shot (10 PTS) (Ellis 4 AST),,,135 - 114,-21,4,1628370,Malik Monk,1610612758.0,Sacramento,Kings,SAC,4,1631165,Keon Ellis,1610612758.0,Sacramento,Kings,SAC,0,0,,,,,,1
0022300373,562,2,5,4,12:10 AM,4:48,McGee BLOCK (3 BLK),,MISS Queta 3' Layup,,,5,1629674,Neemias Queta,1610612738.0,Boston,Celtics,BOS,0,0,,,,,,4,201580,JaVale McGee,1610612758.0,Sacramento,Kings,SAC,1
0022300373,564,4,0,4,12:11 AM,4:44,,,Queta REBOUND (Off:4 Def:1),,,5,1629674,Neemias Queta,1610612738.0,Boston,Celtics,BOS,0,0,,,,,,0,0,,,,,,1
0022300373,565,2,5,4,12:11 AM,4:44,McGee BLOCK (4 BLK),,MISS Queta 2' Layup,,,5,1629674,Neemias Queta,1610612738.0,Boston,Celtics,BOS,0,0,,,,,,4,201580,JaVale McGee,1610612758.0,Sacramento,Kings,SAC,1
0022300373,566,4,0,4,12:11 AM,4:42,Vezenkov REBOUND (Off:0 Def:1),,,,,4,1628426,Sasha Vezenkov,1610612758.0,Sacramento,Kings,SAC,0,0,,,,,,0,0,,,,,,1
0022300373,568,9,1,4,12:11 AM,4:42,,,Celtics Timeout: Regular (Reg.3 Short 0),,,3,1610612738,,,,,,0,0,,,,,,0,0,,,,,,0
0022300373,569,18,6,4,12:11 AM,4:42,,Instant Replay4th Period (12:11 AM EST),,135 - 114,-21,0,567,,,,,,0,0,,,,,,1,0,,,,,,0
0022300373,571,8,0,4,12:13 AM,4:42,SUB: Duarte FOR Monk,,,,,4,1628370,Malik Monk,1610612758.0,Sacramento,Kings,SAC,4,1630537,Chris Duarte,1610612758.0,Sacramento,Kings,SAC,0,0,,,,,,0
0022300373,572,8,0,4,12:13 AM,4:42,SUB: Mitchell FOR Ellis,,,,,4,1631165,Keon Ellis,1610612758.0,Sacramento,Kings,SAC,4,1630558,Davion Mitchell,1610612758.0,Sacramento,Kings,SAC,0,0,,,,,,0
0022300373,575,2,101,4,12:14 AM,4:34,MISS Mitchell 12' Driving Floating Jump Shot,,,,,4,1630558,Davion Mitchell,1610612758.0,Sacramento,Kings,SAC,0,0,,,,,,0,0,,,,,,1
0022300373,576,4,0,4,12:14 AM,4:31,,,Holiday REBOUND (Off:2 Def:6),,,5,201950,Jrue Holiday,1610612738.0,Boston,Celtics,BOS,0,0,,,,,,0,0,,,,,,1
0022300373,577,2,80,4,12:14 AM,4:11,,,MISS Pritchard 26' 3PT Step Back Jump Shot,,,5,1630202,Payton Pritchard,1610612738.0,Boston,Celtics,BOS,0,0,,,,,,0,0,,,,,,1
0022300373,578,4,0,4,12:14 AM,4:09,KINGS Rebound,,,,,2,1610612758,,,,,,0,0,,,,,,0,0,,,,,,0
0022300373,580,6,2,4,12:15 AM,4:04,,,Queta S.FOUL (P4.PN) (I.Hwang),,,5,1629674,Neemias Queta,1610612738.0,Boston,Celtics,BOS,4,201580,JaVale McGee,1610612758.0,Sacramento,Kings,SAC,1,0,Henri Drell,,,,,1
0022300373,582,3,11,4,12:15 AM,4:04,MISS McGee Free Throw 1 of 2,,,,,4,201580,JaVale McGee,1610612758.0,Sacramento,Kings,SAC,0,0,,,,,,0,0,,,,,,1
0022300373,583,4,1,4,12:15 AM,4:04,KINGS Rebound,,,,,2,1610612758,,,,,,0,0,,,,,,0,0,,,,,,0
0022300373,586,3,12,4,12:15 AM,4:04,MISS McGee Free Throw 2 of 2,,,,,4,201580,JaVale McGee,1610612758.0,Sacramento,Kings,SAC,0,0,,,,,,0,0,,,,,,1
0022300373,584,8,0,4,12:15 AM,4:04,,,SUB: Brissett FOR Holiday,,,5,201950,Jrue Holiday,1610612738.0,Boston,Celtics,BOS,5,1629052,Oshae Brissett,1610612738.0,Boston,Celtics,BOS,0,0,,,,,,0
0022300373,587,4,0,4,12:15 AM,4:01,,,Queta REBOUND (Off:4 Def:2),,,5,1629674,Neemias Queta,1610612738.0,Boston,Celtics,BOS,0,0,,,,,,0,0,,,,,,1
0022300373,588,1,101,4,12:16 AM,3:43,,,Hauser 4' Driving Floating Jump Shot (10 PTS) (Pritchard 3 AST),137 - 114,-23,5,1630573,Sam Hauser,1610612738.0,Boston,Celtics,BOS,5,1630202,Payton Pritchard,1610612738.0,Boston,Celtics,BOS,0,0,,,,,,1
0022300373,589,2,1,4,12:16 AM,3:34,MISS Vezenkov 21' Jump Shot,,,,,4,1628426,Sasha Vezenkov,1610612758.0,Sacramento,Kings,SAC,0,0,,,,,,0,0,,,,,,1
0022300373,590,4,0,4,12:16 AM,3:31,,,Brissett REBOUND (Off:2 Def:2),,,5,1629052,Oshae Brissett,1610612738.0,Boston,Celtics,BOS,0,0,,,,,,0,0,,,,,,1
0022300373,591,2,1,4,12:16 AM,3:18,,,MISS Mykhailiuk 25' 3PT Jump Shot,,,5,1629004,Svi Mykhailiuk,1610612738.0,Boston,Celtics,BOS,0,0,,,,,,0,0,,,,,,1
0022300373,592,4,0,4,12:16 AM,3:13,Edwards REBOUND (Off:0 Def:2),,,,,4,1630556,Kessler Edwards,1610612758.0,Sacramento,Kings,SAC,0,0,,,,,,0,0,,,,,,1
0022300373,593,2,101,4,12:16 AM,3:11,MISS Edwards 6' Driving Floating Jump Shot,,,,,4,1630556,Kessler Edwards,1610612758.0,Sacramento,Kings,SAC,0,0,,,,,,0,0,,,,,,1
0022300373,594,4,0,4,12:16 AM,3:08,Vezenkov REBOUND (Off:1 Def:1),,,,,4,1628426,Sasha Vezenkov,1610612758.0,Sacramento,Kings,SAC,0,0,,,,,,0,0,,,,,,1
0022300373,595,6,1,4,12:16 AM,3:00,,,Hauser P.FOUL (P3.PN) (G.Petraitis),,,5,1630573,Sam Hauser,1610612738.0,Boston,Celtics,BOS,4,1630558,Davion Mitchell,1610612758.0,Sacramento,Kings,SAC,1,0,,,,,,1
0022300373,597,3,11,4,12:17 AM,3:00,MISS Mitchell Free Throw 1 of 2,,,,,4,1630558,Davion Mitchell,1610612758.0,Sacramento,Kings,SAC,0,0,,,,,,0,0,,,,,,1
0022300373,598,4,1,4,12:17 AM,3:00,KINGS Rebound,,,,,2,1610612758,,,,,,0,0,,,,,,0,0,,,,,,0
0022300373,601,3,12,4,12:17 AM,3:00,MISS Mitchell Free Throw 2 of 2,,,,,4,1630558,Davion Mitchell,1610612758.0,Sacramento,Kings,SAC,0,0,,,,,,0,0,,,,,,1
0022300373,599,8,0,4,12:17 AM,3:00,SUB: Toscano-Anderson FOR McGee,,,,,4,201580,JaVale McGee,1610612758.0,Sacramento,Kings,SAC,4,1629308,Juan Toscano-Anderson,1610612758.0,Sacramento,Kings,SAC,0,0,,,,,,0
0022300373,602,4,0,4,12:17 AM,2:57,,,Queta REBOUND (Off:4 Def:3),,,5,1629674,Neemias Queta,1610612738.0,Boston,Celtics,BOS,0,0,,,,,,0,0,,,,,,1
0022300373,604,1,108,4,12:17 AM,2:45,,,Queta 1' Cutting Dunk Shot (6 PTS) (Mykhailiuk 2 AST),139 - 114,-25,5,1629674,Neemias Queta,1610612738.0,Boston,Celtics,BOS,5,1629004,Svi Mykhailiuk,1610612738.0,Boston,Celtics,BOS,0,0,,,,,,1
0022300373,606,2,1,4,12:18 AM,2:25,MISS Toscano-Anderson 3PT Jump Shot,,,,,4,1629308,Juan Toscano-Anderson,1610612758.0,Sacramento,Kings,SAC,0,0,,,,,,0,0,,,,,,1
0022300373,607,4,0,4,12:18 AM,2:22,,,Brissett REBOUND (Off:2 Def:3),,,5,1629052,Oshae Brissett,1610612738.0,Boston,Celtics,BOS,0,0,,,,,,0,0,,,,,,1
0022300373,608,7,5,4,12:18 AM,2:20,Vezenkov Violation:Kicked Ball (S.Wright),,,,,4,1628426,Sasha Vezenkov,1610612758.0,Sacramento,Kings,SAC,0,0,,,,,,1,0,,,,,,0
0022300373,609,8,0,4,12:18 AM,2:20,,,SUB: Stevens FOR Hauser,,,5,1630573,Sam Hauser,1610612738.0,Boston,Celtics,BOS,5,1630205,Lamar Stevens,1610612738.0,Boston,Celtics,BOS,0,0,,,,,,0
0022300373,611,1,6,4,12:18 AM,2:10,,,Stevens 3' Driving Layup (2 PTS) (Mykhailiuk 3 AST),141 - 114,-27,5,1630205,Lamar Stevens,1610612738.0,Boston,Celtics,BOS,5,1629004,Svi Mykhailiuk,1610612738.0,Boston,Celtics,BOS,0,0,,,,,,1
0022300373,612,2,79,4,12:19 AM,1:55,MISS Duarte 17' Pullup Jump Shot,,,,,4,1630537,Chris Duarte,1610612758.0,Sacramento,Kings,SAC,0,0,,,,,,0,0,,,,,,1
0022300373,613,4,0,4,12:19 AM,1:52,,,Pritchard REBOUND (Off:0 Def:4),,,5,1630202,Payton Pritchard,1610612738.0,Boston,Celtics,BOS,0,0,,,,,,0,0,,,,,,1
0022300373,614,1,1,4,12:19 AM,1:34,,,Brissett 27' 3PT Jump Shot (3 PTS) (Pritchard 4 AST),144 - 114,-30,5,1629052,Oshae Brissett,1610612738.0,Boston,Celtics,BOS,5,1630202,Payton Pritchard,1610612738.0,Boston,Celtics,BOS,0,0,,,,,,1
0022300373,616,2,80,4,12:19 AM,1:23,MISS Duarte 25' 3PT Step Back Jump Shot,,,,,4,1630537,Chris Duarte,1610612758.0,Sacramento,Kings,SAC,0,0,,,,,,0,0,,,,,,1
0022300373,617,4,0,4,12:19 AM,1:22,KINGS Rebound,,,,,2,1610612758,,,,,,0,0,,,,,,0,0,,,,,,0
0022300373,619,2,1,4,12:20 AM,1:12,MISS Vezenkov 25' 3PT Jump Shot,,,,,4,1628426,Sasha Vezenkov,1610612758.0,Sacramento,Kings,SAC,0,0,,,,,,0,0,,,,,,1
0022300373,620,4,0,4,12:20 AM,1:08,,,Queta REBOUND (Off:4 Def:4),,,5,1629674,Neemias Queta,1610612738.0,Boston,Celtics,BOS,0,0,,,,,,0,0,,,,,,1
0022300373,621,2,79,4,12:20 AM,0:54,,,MISS Mykhailiuk 25' 3PT Pullup Jump Shot,,,5,1629004,Svi Mykhailiuk,1610612738.0,Boston,Celtics,BOS,0,0,,,,,,0,0,,,,,,1
0022300373,622,4,0,4,12:20 AM,0:51,Duarte REBOUND (Off:0 Def:1),,,,,4,1630537,Chris Duarte,1610612758.0,Sacramento,Kings,SAC,0,0,,,,,,0,0,,,,,,1
0022300373,623,2,2,4,12:20 AM,0:46,MISS Edwards 3PT Running Jump Shot,,,,,4,1630556,Kessler Edwards,1610612758.0,Sacramento,Kings,SAC,0,0,,,,,,0,0,,,,,,1
0022300373,624,4,0,4,12:20 AM,0:42,Vezenkov REBOUND (Off:2 Def:1),,,,,4,1628426,Sasha Vezenkov,1610612758.0,Sacramento,Kings,SAC,0,0,,,,,,0,0,,,,,,1
0022300373,625,1,98,4,12:20 AM,0:41,Edwards 1' Cutting Layup Shot (4 PTS) (Toscano-Anderson 1 AST),,,144 - 116,-28,4,1630556,Kessler Edwards,1610612758.0,Sacramento,Kings,SAC,4,1629308,Juan Toscano-Anderson,1610612758.0,Sacramento,Kings,SAC,0,0,,,,,,1
0022300373,627,6,4,4,12:21 AM,0:21,,,Queta OFF.Foul (P5) (S.Wright),,,5,1629674,Neemias Queta,1610612738.0,Boston,Celtics,BOS,4,1630558,Davion Mitchell,1610612758.0,Sacramento,Kings,SAC,1,0,,,,,,1
0022300373,629,5,37,4,12:21 AM,0:21,,,Queta Offensive Foul Turnover (P1.T9),,,5,1629674,Neemias Queta,1610612738.0,Boston,Celtics,BOS,0,0,,,,,,1,0,,,,,,1
0022300373,630,1,1,4,12:21 AM,0:13,Edwards 26' 3PT Jump Shot (7 PTS) (Mitchell 1 AST),,,144 - 119,-25,4,1630556,Kessler Edwards,1610612758.0,Sacramento,Kings,SAC,4,1630558,Davion Mitchell,1610612758.0,Sacramento,Kings,SAC,0,0,,,,,,1
0022300373,633,13,0,4,12:21 AM,0:00,,End of 4th Period (12:21 AM EST),,144 - 119,-25,0,0,,,,,,0,0,,,,,,0,0,,,,,,1
